state_facility_id,facility_name,county,daily_rate,state,effective_date,source_file
1041038130001,ABBEYVILLE SKILLED NURSING & REHAB CTR,Lancaster,256.26,PA,2026-01-01,PA_2026-01_rates.xlsx
1038852870001,ABINGTON MANOR,Lackawanna,257.95,PA,2026-01-01,PA_2026-01_rates.xlsx
1039764430001,ACCELA REHAB AND CARE CENTER AT SOMERTON,Philadelphia,248.95,PA,2026-01-01,PA_2026-01_rates.xlsx
1039760220001,ACCELA REHAB AND CARE CENTER AT SPRINGFI,Montgomery,249.02,PA,2026-01-01,PA_2026-01_rates.xlsx
1028003560004,ALLIED SERVICES CENTER CITY SKILLED NSG,Luzerne,266.39,PA,2026-01-01,PA_2026-01_rates.xlsx
1028003560005,ALLIED SERVICES MEADE STREET SKILLED NSG,Luzerne,265.19,PA,2026-01-01,PA_2026-01_rates.xlsx
11577000002,ALLIED SERVICES SKILLED NURSING CENTER,Lackawanna,276.5,PA,2026-01-01,PA_2026-01_rates.xlsx
1044287840001,ALPINE VALLEY POST ACUTE & HLTH CARE CTR,Lebanon,322.58,PA,2026-01-01,PA_2026-01_rates.xlsx
1026026090001,AMBLER EXTENDED CARE CENTER,Montgomery,280.55,PA,2026-01-01,PA_2026-01_rates.xlsx
1043616200001,AMOROSO HEALTHCARE & REHAB WOODRIDGE,Dauphin,262.49,PA,2026-01-01,PA_2026-01_rates.xlsx
1029655250001,ANN'S CHOICE,Bucks,235.22,PA,2026-01-01,PA_2026-01_rates.xlsx
7549770001,ARBUTUS PARK MANOR,Cambria,264.71,PA,2026-01-01,PA_2026-01_rates.xlsx
1043368890001,ARISTACARE AT EAST FALLS,Philadelphia,470.43,PA,2026-01-01,PA_2026-01_rates.xlsx
1016341800001,ARISTACARE AT MEADOW SPRINGS,Montgomery,441.27,PA,2026-01-01,PA_2026-01_rates.xlsx
1038878170001,ARMSTRONG REHAB & NSG CENTER,Armstrong,220.78,PA,2026-01-01,PA_2026-01_rates.xlsx
7553010002,ARTMAN LUTHERAN HOME,Montgomery,303.55,PA,2026-01-01,PA_2026-01_rates.xlsx
1043088750001,ASBURY HEALTH CENTER,Allegheny,253.27,PA,2026-01-01,PA_2026-01_rates.xlsx
1039552380001,ATHENS NURSING AND REHABILITATION CENTER,Bradford,249.69,PA,2026-01-01,PA_2026-01_rates.xlsx
1043168950001,AVALON CARE CENTER,Lawrence,261.31,PA,2026-01-01,PA_2026-01_rates.xlsx
1044504260001,AVALON SPRINGS CARE CENTER,Mercer,260.05,PA,2026-01-01,PA_2026-01_rates.xlsx
1035647090001,AVENTURA AT CREEKSIDE,Lackawanna,239.21,PA,2026-01-01,PA_2026-01_rates.xlsx
1035653210001,AVENTURA AT PEMBROOKE,Chester,242.45,PA,2026-01-01,PA_2026-01_rates.xlsx
1035649970001,AVENTURA AT PROSPECT,Delaware,253.99,PA,2026-01-01,PA_2026-01_rates.xlsx
1012798310001,BALDWIN HEALTH CENTER,Allegheny,243.26,PA,2026-01-01,PA_2026-01_rates.xlsx
7479270001,"BALL PAVILION, THE",Erie,288.39,PA,2026-01-01,PA_2026-01_rates.xlsx
17221270001,BARCLAY FRIENDS,Chester,267.21,PA,2026-01-01,PA_2026-01_rates.xlsx
1007276220011,BARNES-KASSON COUNTY HOSPITAL SNF,Susquehanna,303.0,PA,2026-01-01,PA_2026-01_rates.xlsx
1043341040001,BEACON RIDGE,Indiana,232.62,PA,2026-01-01,PA_2026-01_rates.xlsx
1040243350001,BEAVER HEALTHCARE AND REHABILITATION CTR,Beaver,237.27,PA,2026-01-01,PA_2026-01_rates.xlsx
1044772600001,BEAVER VALLEY REHAB & HEALTHCARE CENTER,Beaver,257.64,PA,2026-01-01,PA_2026-01_rates.xlsx
1044215690001,BEDFORD POST ACUTE,Bedford,249.28,PA,2026-01-01,PA_2026-01_rates.xlsx
1038402490001,BELLA HEALTHCARE CENTER,Fayette,260.98,PA,2026-01-01,PA_2026-01_rates.xlsx
1039712400001,BELLE TERRACE,Bucks,262.73,PA,2026-01-01,PA_2026-01_rates.xlsx
1017505810003,BETHANY VILLAGE RETIREMENT CENTER,Cumberland,329.67,PA,2026-01-01,PA_2026-01_rates.xlsx
1041067620001,BETHLEHEM NORTH SKILLED NSG & REHAB CTR,Lehigh,249.52,PA,2026-01-01,PA_2026-01_rates.xlsx
1041067350001,BETHLEHEM SOUTH SKILLED NSG & REHAB CTR,Lehigh,261.25,PA,2026-01-01,PA_2026-01_rates.xlsx
7470600001,BETHLEN HM OF THE HUNGARIAN RFRMD FED,Westmoreland,284.32,PA,2026-01-01,PA_2026-01_rates.xlsx
1041481090001,BIRCHWOOD REHAB & HEALTHCARE CENTER,Luzerne,257.66,PA,2026-01-01,PA_2026-01_rates.xlsx
11692000001,"BRADFORD ECUMENICAL HOME, INC",McKean,267.69,PA,2026-01-01,PA_2026-01_rates.xlsx
1041761950001,BRADFORD HILLS NURSING & REHAB CENTER,Bradford,246.51,PA,2026-01-01,PA_2026-01_rates.xlsx
19250120001,BRADFORD MANOR,McKean,229.08,PA,2026-01-01,PA_2026-01_rates.xlsx
1001262480003,BRETHREN VILLAGE,Lancaster,265.79,PA,2026-01-01,PA_2026-01_rates.xlsx
1030854340001,BRIDGEVILLE REHAB AND CARE CENTER,Allegheny,249.09,PA,2026-01-01,PA_2026-01_rates.xlsx
1028775200001,BRIGHTON REHABILITATION & WELLNESS CTR,Beaver,244.73,PA,2026-01-01,PA_2026-01_rates.xlsx
1036383480001,BRINTON MANOR NURSING & REHAB CENTER,Delaware,269.79,PA,2026-01-01,PA_2026-01_rates.xlsx
7476400002,BROAD ACRES HEALTH AND REHAB CENTER,Tioga,249.08,PA,2026-01-01,PA_2026-01_rates.xlsx
1034679010001,BROAD MOUNTAIN HEALTH & REHAB CENTER,Schuylkill,233.47,PA,2026-01-01,PA_2026-01_rates.xlsx
1043091840001,BROOKLINE NURSING AND REHAB,Juniata,257.71,PA,2026-01-01,PA_2026-01_rates.xlsx
1041108900001,BROOKMONT HEALTHCARE & REHAB CENTER,Monroe,251.54,PA,2026-01-01,PA_2026-01_rates.xlsx
19531330001,BROOKSIDE HEALTHCARE AND REHAB CENTER,Montgomery,261.03,PA,2026-01-01,PA_2026-01_rates.xlsx
1000074430005,BROOKVIEW HEALTH CARE CENTER,Franklin,280.22,PA,2026-01-01,PA_2026-01_rates.xlsx
1021432010001,BROOMALL MANOR,Delaware,263.77,PA,2026-01-01,PA_2026-01_rates.xlsx
1026043810001,BRYN MAWR EXTENDED CARE CENTER,Delaware,248.42,PA,2026-01-01,PA_2026-01_rates.xlsx
1034977220001,BUCKINGHAM VALLEY NURSING & REHAB CENTER,Bucks,247.76,PA,2026-01-01,PA_2026-01_rates.xlsx
1007777400014,BUFFALO VALLEY LUTHERAN VILLAGE,Union,199.63,PA,2026-01-01,PA_2026-01_rates.xlsx
1042571120001,BURGH CARE CENTER,Allegheny,218.96,PA,2026-01-01,PA_2026-01_rates.xlsx
1041065010001,CAMP HILL SKILLED NURSING & REHAB CENTER,Cumberland,269.54,PA,2026-01-01,PA_2026-01_rates.xlsx
10302000002,CANTERBURY PLACE,Allegheny,289.28,PA,2026-01-01,PA_2026-01_rates.xlsx
1040039700001,CAPITOL REHAB AND HEALTHCARE CENTER,Dauphin,284.67,PA,2026-01-01,PA_2026-01_rates.xlsx
17217470001,CARBONDALE NURSING AND REHAB CENTER,Lackawanna,279.07,PA,2026-01-01,PA_2026-01_rates.xlsx
1044888260001,CARE PAVILION NURSING AND REHAB CENTER,Philadelphia,212.49,PA,2026-01-01,PA_2026-01_rates.xlsx
1022991690001,CARING HEART REHAB AND NURSING CENTER,Philadelphia,247.11,PA,2026-01-01,PA_2026-01_rates.xlsx
1016337900001,CARING HEIGHTS COMMUNITY CARE & REHAB,Allegheny,241.96,PA,2026-01-01,PA_2026-01_rates.xlsx
1007509430003,"CARING PLACE, THE",Venango,251.21,PA,2026-01-01,PA_2026-01_rates.xlsx
1041064120001,CARLISLE SKILLED NURSING & REHAB CENTER,Cumberland,248.54,PA,2026-01-01,PA_2026-01_rates.xlsx
1044216580001,CARNEGIE PARK POST ACUTE,Allegheny,263.65,PA,2026-01-01,PA_2026-01_rates.xlsx
1041479340001,CASSELMAN HEALTHCARE & REHAB CENTER,Somerset,246.76,PA,2026-01-01,PA_2026-01_rates.xlsx
7575490001,CATHEDRAL VILLAGE,Philadelphia,274.22,PA,2026-01-01,PA_2026-01_rates.xlsx
1041076340001,CEDAR CREST POST ACUTE,Lehigh,274.94,PA,2026-01-01,PA_2026-01_rates.xlsx
1029397590001,CEDAR HAVEN HEALTHCARE CENTER,Lebanon,227.34,PA,2026-01-01,PA_2026-01_rates.xlsx
1043104800001,CEDAR HILL HEALTHCARE AND REHAB CENTER,Allegheny,273.68,PA,2026-01-01,PA_2026-01_rates.xlsx
1041534680001,CEDARWOOD REHAB & HEALTHCARE CENTER,Blair,256.11,PA,2026-01-01,PA_2026-01_rates.xlsx
1026560830001,CENTENNIAL HEALTHCARE & REHAB CENTER,Philadelphia,250.39,PA,2026-01-01,PA_2026-01_rates.xlsx
1028505900001,CENTRE CARE REHAB AND WELLNESS SERVICES,Centre,276.19,PA,2026-01-01,PA_2026-01_rates.xlsx
1000074430014,CHAMBERS POINTE HEALTH CARE CENTER,Franklin,247.49,PA,2026-01-01,PA_2026-01_rates.xlsx
1041062070001,CHAMBERSBURG SKILLED NURSING & REHAB CTR,Franklin,242.92,PA,2026-01-01,PA_2026-01_rates.xlsx
1003211530002,CHANDLER HALL HEALTH SERVICES INC,Bucks,285.56,PA,2026-01-01,PA_2026-01_rates.xlsx
1025697740001,CHAPEL MANOR,Philadelphia,262.93,PA,2026-01-01,PA_2026-01_rates.xlsx
7451630001,CHAPEL POINTE AT CARLISLE,Cumberland,259.1,PA,2026-01-01,PA_2026-01_rates.xlsx
1034441930001,CHESTNUT HILL LODGE HEALTH AND REHAB CTR,Montgomery,240.4,PA,2026-01-01,PA_2026-01_rates.xlsx
7457620001,CHRIST THE KING MANOR,Clearfield,261.53,PA,2026-01-01,PA_2026-01_rates.xlsx
1039882100001,CLAREMONT NURSING & REHAB CENTER,Cumberland,270.31,PA,2026-01-01,PA_2026-01_rates.xlsx
1044170560001,CLARION NURSING AND REHAB,Clarion,252.93,PA,2026-01-01,PA_2026-01_rates.xlsx
1037716240001,CLEPPER MANOR,Mercer,229.81,PA,2026-01-01,PA_2026-01_rates.xlsx
1044888620001,CLIVEDEN NSG & REHAB CTR,Philadelphia,257.51,PA,2026-01-01,PA_2026-01_rates.xlsx
1038804960001,COMPLETE CARE AT BERKSHIRE LLC,Berks,242.45,PA,2026-01-01,PA_2026-01_rates.xlsx
1038804870001,COMPLETE CARE AT HARSTON HALL LLC,Montgomery,274.55,PA,2026-01-01,PA_2026-01_rates.xlsx
1038805020001,COMPLETE CARE AT LEHIGH LLC,Lehigh,260.25,PA,2026-01-01,PA_2026-01_rates.xlsx
17213800001,CONCORDIA AT THE CEDARS,Allegheny,292.56,PA,2026-01-01,PA_2026-01_rates.xlsx
1035099680001,CONCORDIA AT VILLA ST. JOSEPH,Beaver,270.33,PA,2026-01-01,PA_2026-01_rates.xlsx
1001336090003,CONCORDIA LUTHERAN HEALTH AND HUMAN CARE,Butler,272.28,PA,2026-01-01,PA_2026-01_rates.xlsx
1029741590001,CONTINUING CARE AT MARIS GROVE,Delaware,351.56,PA,2026-01-01,PA_2026-01_rates.xlsx
1035775560001,CORNER VIEW NURSING AND REHAB CENTER,Allegheny,218.0,PA,2026-01-01,PA_2026-01_rates.xlsx
7474260001,CORNWALL MANOR,Lebanon,251.8,PA,2026-01-01,PA_2026-01_rates.xlsx
19250400001,CORRY MANOR,Erie,229.24,PA,2026-01-01,PA_2026-01_rates.xlsx
7551790001,COURTYARD GARDENS NURSING AND REHAB CTR,Dauphin,304.96,PA,2026-01-01,PA_2026-01_rates.xlsx
19204460001,CRANBERRY PLACE,Butler,269.75,PA,2026-01-01,PA_2026-01_rates.xlsx
1042423160001,CRAWFORD  CARE CENTER,Crawford,252.84,PA,2026-01-01,PA_2026-01_rates.xlsx
1025700040001,CRESTVIEW CENTER,Bucks,268.85,PA,2026-01-01,PA_2026-01_rates.xlsx
1007487670001,"CROSS KEYS VILLAGE-BRETHREN HM COMM, THE",Adams,243.34,PA,2026-01-01,PA_2026-01_rates.xlsx
1007777400050,CUMBERLAND CROSSINGS RETIREMENT COMM,Cumberland,246.75,PA,2026-01-01,PA_2026-01_rates.xlsx
1039716250002,DARWAY HEALTHCARE & REHABILITATION CTR,Sullivan,241.63,PA,2026-01-01,PA_2026-01_rates.xlsx
1029580570001,DEER MEADOWS REHABILITATION CENTER,Philadelphia,245.68,PA,2026-01-01,PA_2026-01_rates.xlsx
1038672150001,DELAWARE VALLEY SKILLED NSG & REHAB CTR,Pike,311.12,PA,2026-01-01,PA_2026-01_rates.xlsx
8879280001,DOCK TERRACE,Montgomery,306.16,PA,2026-01-01,PA_2026-01_rates.xlsx
7552300003,DR ARTHUR CLIFTON MCKINLEY HEALTH CENTER,Jefferson,257.38,PA,2026-01-01,PA_2026-01_rates.xlsx
1034469570001,DRESHER HILL HEALTH & REHAB CENTER,Montgomery,261.07,PA,2026-01-01,PA_2026-01_rates.xlsx
1030069220001,DUBOIS NURSING HOME,Clearfield,254.29,PA,2026-01-01,PA_2026-01_rates.xlsx
1019304900001,DUNMORE HEALTH CARE CENTER,Lackawanna,292.13,PA,2026-01-01,PA_2026-01_rates.xlsx
1041896300001,EAST END HEALTH & REHAB CENTER,Allegheny,225.13,PA,2026-01-01,PA_2026-01_rates.xlsx
1041065750001,EASTON SKILLED NURSING & REHAB CENTER,Northampton,277.07,PA,2026-01-01,PA_2026-01_rates.xlsx
1044541020001,EDENBROOK AT HAMPTON,Luzerne,263.73,PA,2026-01-01,PA_2026-01_rates.xlsx
1044531790001,EDENBROOK NORTH,Lycoming,216.82,PA,2026-01-01,PA_2026-01_rates.xlsx
1044536890001,EDENBROOK OF GREEENWOOD HILL,Schuylkill,235.24,PA,2026-01-01,PA_2026-01_rates.xlsx
1044533750002,EDENBROOK OF YEADON,Delaware,229.09,PA,2026-01-01,PA_2026-01_rates.xlsx
1044539380001,EDENBROOK ON SECOND AVE,Luzerne,270.2,PA,2026-01-01,PA_2026-01_rates.xlsx
1044532770001,EDENBROOK SOUTH,Lycoming,243.05,PA,2026-01-01,PA_2026-01_rates.xlsx
1007653650003,EDGEHILL NURSING AND REHAB CENTER,Montgomery,286.13,PA,2026-01-01,PA_2026-01_rates.xlsx
19250770001,EDINBORO MANOR,Erie,242.15,PA,2026-01-01,PA_2026-01_rates.xlsx
1012046610001,EDISON MANOR NURSING AND REHAB CENTER,Lawrence,229.29,PA,2026-01-01,PA_2026-01_rates.xlsx
7472840001,ELAN SKILLED NURSING AND REHABILITATION,Lackawanna,290.54,PA,2026-01-01,PA_2026-01_rates.xlsx
1044388420001,ELDERCREST REHAB & HEALTHCARE CENTER,Allegheny,267.79,PA,2026-01-01,PA_2026-01_rates.xlsx
1041844190001,ELIZABETHTOWN NURSING AND REHABILITATION,Lancaster,270.75,PA,2026-01-01,PA_2026-01_rates.xlsx
7474800002,ELK HAVEN NURSING HOME,Elk,253.5,PA,2026-01-01,PA_2026-01_rates.xlsx
1034687580001,ELKINS CREST HEALTH & REHAB CENTER,Montgomery,218.83,PA,2026-01-01,PA_2026-01_rates.xlsx
1036367640001,ELLEN MEMORIAL HEALTH CARE CENTER,Wayne,235.98,PA,2026-01-01,PA_2026-01_rates.xlsx
1008144140003,ELM TERRACE GARDENS,Montgomery,267.6,PA,2026-01-01,PA_2026-01_rates.xlsx
1043323890001,EMBASSY OF EAST MOUNTAIN,Luzerne,246.59,PA,2026-01-01,PA_2026-01_rates.xlsx
1038360030001,EMBASSY OF HEARTHSIDE,Centre,244.54,PA,2026-01-01,PA_2026-01_rates.xlsx
1038364600001,EMBASSY OF HILLSDALE PARK,Indiana,218.46,PA,2026-01-01,PA_2026-01_rates.xlsx
1038366490001,EMBASSY OF HUNTINGDON PARK,Huntingdon,231.2,PA,2026-01-01,PA_2026-01_rates.xlsx
1038375570001,EMBASSY OF PARK AVENUE,Crawford,217.75,PA,2026-01-01,PA_2026-01_rates.xlsx
1039553360001,EMBASSY OF SAXONBURG,Butler,258.11,PA,2026-01-01,PA_2026-01_rates.xlsx
1043316590001,EMBASSY OF SCRANTON,Lackawanna,240.67,PA,2026-01-01,PA_2026-01_rates.xlsx
1043317100001,EMBASSY OF TUNKHANNOCK,Wyoming,240.69,PA,2026-01-01,PA_2026-01_rates.xlsx
1038363260001,EMBASSY OF WOODLAND PARK,Huntingdon,212.06,PA,2026-01-01,PA_2026-01_rates.xlsx
1043324960001,EMBASSY OF WYOMING VALLEY,Luzerne,224.85,PA,2026-01-01,PA_2026-01_rates.xlsx
1041801980001,EMERALD NURSING AND REHABILITATION,Lancaster,292.17,PA,2026-01-01,PA_2026-01_rates.xlsx
1007303790003,EMMANUEL CENTER FOR NURSING AND REHAB,Montour,258.37,PA,2026-01-01,PA_2026-01_rates.xlsx
1007555290001,EPHRATA MANOR,Lancaster,255.15,PA,2026-01-01,PA_2026-01_rates.xlsx
1034810160001,FAIRLANE GARDENS NSG & REHAB AT READING,Berks,226.88,PA,2026-01-01,PA_2026-01_rates.xlsx
7566860002,FAIRMOUNT HOMES,Lancaster,267.27,PA,2026-01-01,PA_2026-01_rates.xlsx
19251570001,FAIRVIEW MANOR,Erie,231.76,PA,2026-01-01,PA_2026-01_rates.xlsx
1035195340001,FAIRVIEW NURSING AND REHABILITATION CTR,Philadelphia,236.31,PA,2026-01-01,PA_2026-01_rates.xlsx
11349300005,FELLOWSHIP MANOR,Lehigh,270.85,PA,2026-01-01,PA_2026-01_rates.xlsx
1036530590001,FOREST CITY NURSING AND REHAB CENTER,Susquehanna,220.56,PA,2026-01-01,PA_2026-01_rates.xlsx
1041551950001,FOREST HILLS REHAB & HEALTHCARE CENTER,Carbon,261.87,PA,2026-01-01,PA_2026-01_rates.xlsx
1041842950001,FOREST PARK NURSING AND REHABILITATION,Cumberland,283.01,PA,2026-01-01,PA_2026-01_rates.xlsx
1017505810002,FORESTVIEW,Erie,269.5,PA,2026-01-01,PA_2026-01_rates.xlsx
1022373620001,FOX SUBACUTE AT MECHANICSBURG,Cumberland,495.69,PA,2026-01-01,PA_2026-01_rates.xlsx
1032331520001,FOX SUBACUTE AT SOUTH PHILADELPHIA,Philadelphia,530.34,PA,2026-01-01,PA_2026-01_rates.xlsx
7450920001,FREDERICK LIVING - CEDARWOOD,Montgomery,270.77,PA,2026-01-01,PA_2026-01_rates.xlsx
11456010001,FRIENDSHIP VILLAGE OF SOUTH HILLS,Allegheny,254.2,PA,2026-01-01,PA_2026-01_rates.xlsx
1007427630004,FULTON COUNTY MEDICAL CENTER LTCU,Fulton,420.5,PA,2026-01-01,PA_2026-01_rates.xlsx
19214610003,GARDEN SPOT VILLAGE,Lancaster,275.77,PA,2026-01-01,PA_2026-01_rates.xlsx
1036410020001,GARDEN SPRING NURSING & REHAB CENTER,Montgomery,261.86,PA,2026-01-01,PA_2026-01_rates.xlsx
7483430002,GARVEY MANOR,Blair,239.76,PA,2026-01-01,PA_2026-01_rates.xlsx
9748540001,GERMANTOWN HOME,Philadelphia,264.47,PA,2026-01-01,PA_2026-01_rates.xlsx
1025700500001,GETTYSBURG CENTER,Adams,246.81,PA,2026-01-01,PA_2026-01_rates.xlsx
1039337040002,GLEN BROOK REHAB & HEALTHCARE CENTER II,Luzerne,257.78,PA,2026-01-01,PA_2026-01_rates.xlsx
17915090007,GOOD SHEPHERD HOME RAKER CENTER,Lehigh,559.0,PA,2026-01-01,PA_2026-01_rates.xlsx
17915090001,GOOD SHEPHERD HOME-BETHLEHEM,Lehigh,483.23,PA,2026-01-01,PA_2026-01_rates.xlsx
1044362200001,GRADUATE POST ACUTE,Philadelphia,271.19,PA,2026-01-01,PA_2026-01_rates.xlsx
1034398810001,GRANDVIEW NURSING AND REHABILITATION,Montour,257.71,PA,2026-01-01,PA_2026-01_rates.xlsx
7565790003,"GREEN HOME, INC, THE",Tioga,271.34,PA,2026-01-01,PA_2026-01_rates.xlsx
1034978490001,GREEN MEADOWS NURSING & REHAB CENTER,Chester,250.23,PA,2026-01-01,PA_2026-01_rates.xlsx
1026046300001,GREEN RIDGE CARE CENTER,Lackawanna,261.64,PA,2026-01-01,PA_2026-01_rates.xlsx
1029953910001,GREEN VALLEY SKILLED NSG & REHAB CENTER,Schuylkill,245.01,PA,2026-01-01,PA_2026-01_rates.xlsx
1041851490001,GREENE HEALTH AND REHAB CENTER,Westmoreland,270.63,PA,2026-01-01,PA_2026-01_rates.xlsx
1030963300001,GREENERY CENTER FOR REHAB & NURSING,Washington,236.45,PA,2026-01-01,PA_2026-01_rates.xlsx
1041256500001,GREENFIELD HEALTHCARE & REHAB CTR,Erie,248.45,PA,2026-01-01,PA_2026-01_rates.xlsx
1041035280001,GREENWOOD CENTER FOR NURSING & REHAB,Schuylkill,252.05,PA,2026-01-01,PA_2026-01_rates.xlsx
1039425070001,GREENWOOD CENTER FOR REHAB AND NURSING,Mifflin,239.16,PA,2026-01-01,PA_2026-01_rates.xlsx
1007509430001,GROVE MANOR,Mercer,252.35,PA,2026-01-01,PA_2026-01_rates.xlsx
7521030001,"GUY AND MARY FELT MANOR, INC",Cameron,251.36,PA,2026-01-01,PA_2026-01_rates.xlsx
1032249400001,GWYNEDD HEALTHCARE & REHABILITATION CTR,Montgomery,243.4,PA,2026-01-01,PA_2026-01_rates.xlsx
1044200700001,HAIDA NURSING AND REHAB,Cambria,250.16,PA,2026-01-01,PA_2026-01_rates.xlsx
1038861400001,HAMILTON ARMS CENTER,Lancaster,287.95,PA,2026-01-01,PA_2026-01_rates.xlsx
1039350010001,HANOVER HALL FOR NURSING AND REHAB,York,240.44,PA,2026-01-01,PA_2026-01_rates.xlsx
1034810800001,HARBORVIEW REHAB & C C AT DOYLESTOWN,Bucks,253.12,PA,2026-01-01,PA_2026-01_rates.xlsx
1034810610001,HARBORVIEW REHAB & CARE CTR AT LANSDALE,Montgomery,247.44,PA,2026-01-01,PA_2026-01_rates.xlsx
1041849650001,HARMAR VILLAGE HEALTH & REHAB CENTER,Allegheny,244.89,PA,2026-01-01,PA_2026-01_rates.xlsx
1041847310001,HARMON HOUSE HEALTH & REHAB CENTER,Westmoreland,264.02,PA,2026-01-01,PA_2026-01_rates.xlsx
1043106400001,HARMONY HILLS HEALTHCARE AND REHAB CTR,Allegheny,294.77,PA,2026-01-01,PA_2026-01_rates.xlsx
7510350001,"HAVEN CONVALESCENT HOME, INC",Lawrence,229.71,PA,2026-01-01,PA_2026-01_rates.xlsx
1045110850001,HAVEN PLACE REHAB AND NURSING CENTER,Clinton,395.98,PA,2026-01-01,PA_2026-01_rates.xlsx
1044956510001,HAVENCREST REHAB AND HEALTHCARE CENTER,Washington,279.27,PA,2026-01-01,PA_2026-01_rates.xlsx
19252190001,HEMPFIELD MANOR,Westmoreland,246.21,PA,2026-01-01,PA_2026-01_rates.xlsx
1043210800001,HERITAGE CARE CENTER,Allegheny,256.6,PA,2026-01-01,PA_2026-01_rates.xlsx
1039611550001,HERITAGE POINTE REHAB AND HEALTHCARE CTR,Bucks,260.55,PA,2026-01-01,PA_2026-01_rates.xlsx
1041800620001,HERITAGE RIDGE SR LIVING AT JOHNSTOWN,Cambria,258.37,PA,2026-01-01,PA_2026-01_rates.xlsx
1044168180001,HERITAGE RIDGE SR LIVING AT WINDY HILL,Centre,256.24,PA,2026-01-01,PA_2026-01_rates.xlsx
1037733060002,HERMITAGE NURSING AND REHABILITATION,Mercer,207.16,PA,2026-01-01,PA_2026-01_rates.xlsx
11208630002,HICKORY HOUSE NURSING HOME,Chester,235.49,PA,2026-01-01,PA_2026-01_rates.xlsx
1044218180001,HIGHLAND HILLS POST ACUTE,Allegheny,256.58,PA,2026-01-01,PA_2026-01_rates.xlsx
1029085740001,HIGHLAND MANOR REHAB & NURSING CENTER,Luzerne,224.35,PA,2026-01-01,PA_2026-01_rates.xlsx
1044388600001,HIGHLAND VIEW REHAB & HEALTHCARE CENTER,Jefferson,242.75,PA,2026-01-01,PA_2026-01_rates.xlsx
1043208240001,HIGHLANDS REHABILITATION AND HEALTHCARE,Sullivan,219.12,PA,2026-01-01,PA_2026-01_rates.xlsx
1025701020001,HILLCREST CENTER,Montgomery,261.06,PA,2026-01-01,PA_2026-01_rates.xlsx
1044384120002,HILLCREST REHAB & HEALTHCARE CENTER,Westmoreland,291.09,PA,2026-01-01,PA_2026-01_rates.xlsx
1041270740001,HILLTOP HEALTHCARE & REHAB CENTER,Blair,262.22,PA,2026-01-01,PA_2026-01_rates.xlsx
1041927510001,HILLTOP HEIGHTS HEALTH & REHAB CENTER,Cambria,235.15,PA,2026-01-01,PA_2026-01_rates.xlsx
7471860001,HOLY FAMILY HOME,Philadelphia,285.44,PA,2026-01-01,PA_2026-01_rates.xlsx
1007608140001,HOLY FAMILY MANOR,Lehigh,265.54,PA,2026-01-01,PA_2026-01_rates.xlsx
7575940001,HOMELAND CENTER,Dauphin,322.14,PA,2026-01-01,PA_2026-01_rates.xlsx
10636500002,"HOMESTEAD VILLAGE, INC",Lancaster,263.2,PA,2026-01-01,PA_2026-01_rates.xlsx
15682050002,HOMEWOOD LIVING MARTINSBURG INC.,Blair,274.25,PA,2026-01-01,PA_2026-01_rates.xlsx
15681800002,"HOMEWOOD LIVING PLUM CREEK, INC.",York,285.18,PA,2026-01-01,PA_2026-01_rates.xlsx
1025701110001,HOPKINS CENTER,Montgomery,260.05,PA,2026-01-01,PA_2026-01_rates.xlsx
1038329800001,HORSHAM CENTER FOR JEWISH LIFE,Montgomery,271.82,PA,2026-01-01,PA_2026-01_rates.xlsx
1007453170003,HUMANGOOD PENNSYLVANIA,Montgomery,297.26,PA,2026-01-01,PA_2026-01_rates.xlsx
1041056200001,HUNTINGDON SKILLED NURSING & REHAB CTR,Montgomery,255.3,PA,2026-01-01,PA_2026-01_rates.xlsx
1029481860001,IMMACULATE MARY CTR FOR REHAB & HLTHCARE,Philadelphia,241.42,PA,2026-01-01,PA_2026-01_rates.xlsx
1045612100001,INDEPENDENCE REHAB AND NURSING,Philadelphia,236.67,PA,2026-01-01,PA_2026-01_rates.xlsx
1007494050001,INGLIS HOUSE,Philadelphia,538.45,PA,2026-01-01,PA_2026-01_rates.xlsx
1041059250001,INNERS CREEK SKILLED NURSING & REHAB CTR,York,246.91,PA,2026-01-01,PA_2026-01_rates.xlsx
1045175160001,IVORY WELLNESS CENTER,Montgomery,232.06,PA,2026-01-01,PA_2026-01_rates.xlsx
1040922640001,IVY HILL POST ACUTE NURSING & REHAB,Montgomery,243.02,PA,2026-01-01,PA_2026-01_rates.xlsx
1044249450001,IVY PARK POST ACUTE,Allegheny,248.66,PA,2026-01-01,PA_2026-01_rates.xlsx
1043209960001,JAMESON NURSING AND REHAB CENTER,Lawrence,271.59,PA,2026-01-01,PA_2026-01_rates.xlsx
1041055040001,JERSEY SHORE SKILLED NURSING & REHAB CTR,Lycoming,229.76,PA,2026-01-01,PA_2026-01_rates.xlsx
1042239920001,JEWEL HEALTHCARE AND REHAB CENTER,Lehigh,274.83,PA,2026-01-01,PA_2026-01_rates.xlsx
1007494880006,JULIA POUND CARE CENTER,Indiana,253.02,PA,2026-01-01,PA_2026-01_rates.xlsx
1026026360002,JULIA RIBAUDO EXTENDED CARE CENTER,Wayne,226.69,PA,2026-01-01,PA_2026-01_rates.xlsx
1044155250001,KADIMA REHAB & NSG AT NEW CASTLE,Lawrence,252.66,PA,2026-01-01,PA_2026-01_rates.xlsx
1044161390001,KADIMA REHAB & NSG AT NEW WILMINGTON,Lawrence,270.44,PA,2026-01-01,PA_2026-01_rates.xlsx
1044160770001,KADIMA REHAB & NURSING @ NORTH STRABANE,Washington,267.82,PA,2026-01-01,PA_2026-01_rates.xlsx
1035305500001,KADIMA REHAB & NURSING AT CAMPBELLTOWN,Lebanon,252.59,PA,2026-01-01,PA_2026-01_rates.xlsx
1035309070001,KADIMA REHAB & NURSING AT LUZERNE,Luzerne,282.07,PA,2026-01-01,PA_2026-01_rates.xlsx
1035320710001,KADIMA REHAB & NURSING AT PALMYRA,Lebanon,281.67,PA,2026-01-01,PA_2026-01_rates.xlsx
1035304600001,KADIMA REHAB & NURSING AT POTTSTOWN,Chester,282.97,PA,2026-01-01,PA_2026-01_rates.xlsx
1044162190001,KADIMA REHAB & NURSING AT WASHINGTON,Washington,254.87,PA,2026-01-01,PA_2026-01_rates.xlsx
1044154090001,KADIMA REHAB AND NSG AT GREENVILLE,Mercer,235.09,PA,2026-01-01,PA_2026-01_rates.xlsx
1035315660001,KADIMA REHAB AND NURSING AT LAKESIDE,Luzerne,266.55,PA,2026-01-01,PA_2026-01_rates.xlsx
1035308180001,KADIMA REHAB AND NURSING AT LITITZ,Lancaster,283.29,PA,2026-01-01,PA_2026-01_rates.xlsx
1044154180001,KADIMA REHABILITATION & NSG AT CHESWICK,Allegheny,231.31,PA,2026-01-01,PA_2026-01_rates.xlsx
1044153830001,KADIMA REHABILITATION & NSG AT HARMONY,Butler,242.34,PA,2026-01-01,PA_2026-01_rates.xlsx
1044155070001,KADIMA REHABILITATION & NSG AT LATROBE,Westmoreland,238.48,PA,2026-01-01,PA_2026-01_rates.xlsx
1044154270001,KADIMA REHABILITATION & NURSING AT IRWIN,Westmoreland,245.34,PA,2026-01-01,PA_2026-01_rates.xlsx
1025950400001,KEARSLEY REHAB AND NURSING CENTER,Philadelphia,310.66,PA,2026-01-01,PA_2026-01_rates.xlsx
1041039760001,KING OF PRUSSIA SKILLED NSG & REHAB CTR,Montgomery,258.23,PA,2026-01-01,PA_2026-01_rates.xlsx
1041052370001,KINGSTON COURT SKD NSG & REHAB CTR,York,238.58,PA,2026-01-01,PA_2026-01_rates.xlsx
1044171630001,KINZUA NURSING AND REHAB CENTER,Warren,231.85,PA,2026-01-01,PA_2026-01_rates.xlsx
1041882940001,KITTANNING HEALTH & REHAB CENTER,Armstrong,232.87,PA,2026-01-01,PA_2026-01_rates.xlsx
7479900003,"LAFAYETTE MANOR, INC",Fayette,302.06,PA,2026-01-01,PA_2026-01_rates.xlsx
1001264530002,LAFAYETTE-REDEEMER (DBA ENTITY OF HRHS),Philadelphia,271.18,PA,2026-01-01,PA_2026-01_rates.xlsx
1040246940001,LAKEVIEW HEALTHCARE & REHAB,McKean,228.48,PA,2026-01-01,PA_2026-01_rates.xlsx
1041548680001,LAKEWOOD REHABILITATION & HEALTHCARE CTR,Luzerne,295.78,PA,2026-01-01,PA_2026-01_rates.xlsx
1038887430001,LANCASTER NURSING AND REHAB CENTER,Lancaster,281.49,PA,2026-01-01,PA_2026-01_rates.xlsx
8383510002,LANDIS HOMES,Lancaster,292.36,PA,2026-01-01,PA_2026-01_rates.xlsx
1034688740001,LANGHORNE GARDENS HEALTH & REHAB CENTER,Bucks,239.39,PA,2026-01-01,PA_2026-01_rates.xlsx
1025701670001,LAUREL CENTER,Berks,264.29,PA,2026-01-01,PA_2026-01_rates.xlsx
1036527210001,LAUREL LAKES REHAB & WELLNESS CENTER,Franklin,222.84,PA,2026-01-01,PA_2026-01_rates.xlsx
1025703180001,LAUREL RIDGE CENTER,Fayette,264.82,PA,2026-01-01,PA_2026-01_rates.xlsx
1031001920001,LAUREL SQUARE HEALTHCARE & REHAB CTR,Philadelphia,255.42,PA,2026-01-01,PA_2026-01_rates.xlsx
13989000002,LAUREL VIEW VILLAGE,Somerset,268.72,PA,2026-01-01,PA_2026-01_rates.xlsx
1041033680001,LAURELDALE SKILLED NSG & REHAB CENTER,Berks,240.82,PA,2026-01-01,PA_2026-01_rates.xlsx
1041033030001,LEBANON SKILLED NSG & REHAB CTR,Lebanon,246.83,PA,2026-01-01,PA_2026-01_rates.xlsx
1002291290002,LEBANON VALLEY BRETHREN HOME,Lebanon,288.68,PA,2026-01-01,PA_2026-01_rates.xlsx
1007555290004,LEBANON VALLEY HOME THE,Lebanon,302.3,PA,2026-01-01,PA_2026-01_rates.xlsx
1042363910001,LECOM AT ELMWOOD GARDENS LLC,Erie,292.76,PA,2026-01-01,PA_2026-01_rates.xlsx
1030723650001,"LECOM AT PRESQUE ISLE, INC.",Erie,283.24,PA,2026-01-01,PA_2026-01_rates.xlsx
1036526880001,LECOM AT VILLAGE SQUARE LLC,Erie,270.61,PA,2026-01-01,PA_2026-01_rates.xlsx
1045529090001,LETORT SPRING NURSING AND REHAB LLC,Cumberland,279.77,PA,2026-01-01,PA_2026-01_rates.xlsx
16259290001,LGAR HEALTH AND REHABILITATION CENTER,Allegheny,246.89,PA,2026-01-01,PA_2026-01_rates.xlsx
1034813390001,LIBERTY CENTER FOR REHAB AND NURSING,Philadelphia,237.79,PA,2026-01-01,PA_2026-01_rates.xlsx
1039627420001,LIBERTY POINTE REHAB & HEALTHCARE CENTER,Bucks,264.68,PA,2026-01-01,PA_2026-01_rates.xlsx
1007784700008,LIFEQUEST NURSING CENTER,Bucks,247.67,PA,2026-01-01,PA_2026-01_rates.xlsx
1007653650006,LINWOOD NURSING AND REHABILITATION CTR,Lackawanna,275.19,PA,2026-01-01,PA_2026-01_rates.xlsx
7565320001,LITTLE FLOWER MANOR,Delaware,249.1,PA,2026-01-01,PA_2026-01_rates.xlsx
7507900001,LITTLE SISTERS OF THE POOR,Allegheny,246.47,PA,2026-01-01,PA_2026-01_rates.xlsx
1040904750001,LOCK HAVEN REHABILITATION & SENIOR LIV,Clinton,255.48,PA,2026-01-01,PA_2026-01_rates.xlsx
1018114080001,LOCUST GROVE RETIREMENT VILLAGE,Juniata,215.06,PA,2026-01-01,PA_2026-01_rates.xlsx
1040742010001,LOGAN SQUARE REHAB AND HEALTHCARE CENTER,Philadelphia,315.5,PA,2026-01-01,PA_2026-01_rates.xlsx
12581400001,LOYALHANNA CARE CENTER,Westmoreland,252.71,PA,2026-01-01,PA_2026-01_rates.xlsx
1001260410031,LUTHER ACRES MANOR,Lancaster,298.11,PA,2026-01-01,PA_2026-01_rates.xlsx
1007777400064,LUTHER CREST NURSING FACILITY,Lehigh,292.42,PA,2026-01-01,PA_2026-01_rates.xlsx
1030732000001,LUTHER WOODS NURSING & REHAB CENTER,Montgomery,221.67,PA,2026-01-01,PA_2026-01_rates.xlsx
7503880001,LUTHERAN COMMUNITY AT TELFORD,Bucks,267.19,PA,2026-01-01,PA_2026-01_rates.xlsx
1001998070016,"LUTHERAN HOME AT HOLLIDAYSBURG, THE",Blair,238.93,PA,2026-01-01,PA_2026-01_rates.xlsx
1003684090004,"LUTHERAN HOME AT KANE, THE",McKean,250.95,PA,2026-01-01,PA_2026-01_rates.xlsx
1007777400065,LUTHERAN HOME AT TOPTON,Berks,256.03,PA,2026-01-01,PA_2026-01_rates.xlsx
1045629230001,MAHONING OPERATING LLC,Carbon,250.27,PA,2026-01-01,PA_2026-01_rates.xlsx
1029086810001,MAJESTIC OAKS REHAB & NURSING CENTER,Bucks,244.84,PA,2026-01-01,PA_2026-01_rates.xlsx
1039417060001,MANATAWNY CENTER FOR REHAB AND NURSING,Chester,266.43,PA,2026-01-01,PA_2026-01_rates.xlsx
1007538560005,MANCHESTER COMMONS OF PRESBY SR. CARE,Erie,301.78,PA,2026-01-01,PA_2026-01_rates.xlsx
1024327050001,MAPLE FARM,Lancaster,277.74,PA,2026-01-01,PA_2026-01_rates.xlsx
1041889370001,MAPLE HEIGHTS HEALTH & REHAB CENTER,Cambria,229.72,PA,2026-01-01,PA_2026-01_rates.xlsx
1041525310001,MAPLE RIDGE REHAB & HEALTHCARE CENTER,Luzerne,269.82,PA,2026-01-01,PA_2026-01_rates.xlsx
1032923400001,"MAPLE WINDS HEALTHCARE & REHAB CTR, LLC",Cambria,223.74,PA,2026-01-01,PA_2026-01_rates.xlsx
1044886200001,MAPLEWOOD NURSING AND REHABILITATION CTR,Philadelphia,236.77,PA,2026-01-01,PA_2026-01_rates.xlsx
8790130001,MARGARET E. MOUL HOME,York,505.04,PA,2026-01-01,PA_2026-01_rates.xlsx
1038483450001,MARKLEY REHABILITATION & HEALTHCARE CTR,Montgomery,281.0,PA,2026-01-01,PA_2026-01_rates.xlsx
1037088270002,MARYWOOD HEIGHTS,Lackawanna,286.04,PA,2026-01-01,PA_2026-01_rates.xlsx
7478740004,MASONIC VILLAGE AT ELIZABETHTOWN,Lancaster,259.41,PA,2026-01-01,PA_2026-01_rates.xlsx
7478740001,MASONIC VILLAGE AT LAFAYETTE HILL,Montgomery,301.66,PA,2026-01-01,PA_2026-01_rates.xlsx
7478740003,MASONIC VILLAGE AT SEWICKLEY,Allegheny,257.27,PA,2026-01-01,PA_2026-01_rates.xlsx
7478740005,MASONIC VILLAGE AT WARMINSTER,Bucks,286.31,PA,2026-01-01,PA_2026-01_rates.xlsx
1030712880001,MAYBROOK HILLS REHAB & HEALTHCARE CENTER,Blair,254.84,PA,2026-01-01,PA_2026-01_rates.xlsx
12758760001,MCMURRAY HILLS MANOR,Washington,206.26,PA,2026-01-01,PA_2026-01_rates.xlsx
15399470002,MEADOW VIEW NURSING CENTER,Somerset,249.87,PA,2026-01-01,PA_2026-01_rates.xlsx
1041524330001,MEADOW VIEW REHAB & HEALTHCARE CENTER,Susquehanna,240.77,PA,2026-01-01,PA_2026-01_rates.xlsx
1044386460001,MEADOWCREST REHAB & HEALTHCARE CENTER,Allegheny,276.89,PA,2026-01-01,PA_2026-01_rates.xlsx
1005959080003,MEADOWS NURSING AND REHAB CENTER,Luzerne,308.57,PA,2026-01-01,PA_2026-01_rates.xlsx
1030717600001,MEADOWVIEW REHAB & NURSING CENTER,Montgomery,224.46,PA,2026-01-01,PA_2026-01_rates.xlsx
1000025720004,MESSIAH LIFEWAYS AT MESSIAH VILLAGE,Cumberland,297.88,PA,2026-01-01,PA_2026-01_rates.xlsx
1029144000001,MID VALLEY HEALTH CARE CENTER,Lackawanna,263.44,PA,2026-01-01,PA_2026-01_rates.xlsx
1041844910001,Midtown Oaks Health & Rehab Center,Blair,243.0,PA,2026-01-01,PA_2026-01_rates.xlsx
1025712900001,MIFFLIN CENTER,Berks,261.27,PA,2026-01-01,PA_2026-01_rates.xlsx
1039713940001,MILFORD HEALTHCARE AND REHAB CENTER,Pike,269.3,PA,2026-01-01,PA_2026-01_rates.xlsx
12079290002,MILLCREEK MANOR,Erie,271.48,PA,2026-01-01,PA_2026-01_rates.xlsx
1044887190001,MILTON REHABILITATION AND NURSING CENTER,Northumberland,245.5,PA,2026-01-01,PA_2026-01_rates.xlsx
7479720001,MISERICORDIA NURSING & REHAB CENTER,York,233.04,PA,2026-01-01,PA_2026-01_rates.xlsx
19291830001,MON VALLEY CARE CENTER,Washington,261.6,PA,2026-01-01,PA_2026-01_rates.xlsx
1044251000001,MONROEVILLE POST ACUTE,Allegheny,269.42,PA,2026-01-01,PA_2026-01_rates.xlsx
1040882070001,MONTGOMERY SUBACUTE AND RESPIRATORY CTR,Montgomery,496.38,PA,2026-01-01,PA_2026-01_rates.xlsx
1041024310001,MONTGOMERYVILLE SKILLED NSG & REHAB CTR,Montgomery,260.25,PA,2026-01-01,PA_2026-01_rates.xlsx
11856700001,MONUMENTAL POST ACUTE CARE @ WOODSIDE PK,Philadelphia,200.45,PA,2026-01-01,PA_2026-01_rates.xlsx
1007561970002,MORAVIAN HALL SQ. HLTH AND WELLNESS CTR,Northampton,283.04,PA,2026-01-01,PA_2026-01_rates.xlsx
1002275810002,MORAVIAN MANOR,Lancaster,278.01,PA,2026-01-01,PA_2026-01_rates.xlsx
7472200001,MORRISONS COVE HOME,Blair,239.7,PA,2026-01-01,PA_2026-01_rates.xlsx
10917520001,MOSSER NURSING HOME,Lehigh,257.71,PA,2026-01-01,PA_2026-01_rates.xlsx
1041035640001,MOUNT CARMEL SENIOR LIVING COMMUNITY,Northumberland,240.66,PA,2026-01-01,PA_2026-01_rates.xlsx
1017617540001,MOUNT HOPE NAZARENE RETIREMENT COMMUNITY,Lancaster,283.46,PA,2026-01-01,PA_2026-01_rates.xlsx
7521120002,MOUNT MACRINA MANOR NURSING HOME,Fayette,254.43,PA,2026-01-01,PA_2026-01_rates.xlsx
1034468210001,MOUNTAIN CITY NURSING AND REHAB CENTER,Luzerne,237.54,PA,2026-01-01,PA_2026-01_rates.xlsx
1039482890001,MOUNTAIN LAUREL HEALTHCARE & REHAB CTR,Clearfield,212.57,PA,2026-01-01,PA_2026-01_rates.xlsx
1041557760001,MOUNTAIN TOP REHAB & HEALTHCARE CENTER,Luzerne,281.92,PA,2026-01-01,PA_2026-01_rates.xlsx
1044349880001,MOUNTAIN VIEW REHAB & SENIOR LIVING CTR,Northumberland,282.85,PA,2026-01-01,PA_2026-01_rates.xlsx
1040233470001,MULBERRY HEALTHCARE & REHAB CTR,Jefferson,224.36,PA,2026-01-01,PA_2026-01_rates.xlsx
1007607800001,MUNCY PLACE,Lycoming,434.77,PA,2026-01-01,PA_2026-01_rates.xlsx
1045526400001,MYERSTOWN NURSING AND REHAB LLC,Lebanon,275.96,PA,2026-01-01,PA_2026-01_rates.xlsx
15148030001,NAAMANS CREEK COUNTRY MANOR,Delaware,294.7,PA,2026-01-01,PA_2026-01_rates.xlsx
1039359230001,NEFFSVILLE NURSING AND REHABILITATION,Lancaster,231.69,PA,2026-01-01,PA_2026-01_rates.xlsx
1027826880001,NEW EASTWOOD HEALTHCARE AND REHAB CENTER,Northampton,271.4,PA,2026-01-01,PA_2026-01_rates.xlsx
1037145100001,NEWPORT MEADOWS HEALTH AND REHAB CENTER,Lancaster,260.99,PA,2026-01-01,PA_2026-01_rates.xlsx
1038890700001,NIGHTINGALE NURSING AND REHAB CENTER,Erie,238.39,PA,2026-01-01,PA_2026-01_rates.xlsx
1007497730011,NORMANDIE RIDGE,York,277.03,PA,2026-01-01,PA_2026-01_rates.xlsx
1025717090001,NORRITON SQUARE NURSING & REHAB CENTER,Montgomery,277.63,PA,2026-01-01,PA_2026-01_rates.xlsx
1041078680001,NORTHAMPTON POST ACUTE,Northampton,280.75,PA,2026-01-01,PA_2026-01_rates.xlsx
1033618400001,NORTHERN DAUPHIN NURSING & REHAB CENTER,Dauphin,234.63,PA,2026-01-01,PA_2026-01_rates.xlsx
19751950002,NOTTINGHAM VILLAGE,Northumberland,224.28,PA,2026-01-01,PA_2026-01_rates.xlsx
1032560950001,NURSING & REHABILITATION AT THE MANSION,Northumberland,216.09,PA,2026-01-01,PA_2026-01_rates.xlsx
1044378450001,OAK GLEN HEALTHCARE AND REHAB CENTER,Union,264.1,PA,2026-01-01,PA_2026-01_rates.xlsx
1039420330001,OAK HILL CENTER FOR REHAB AND NURSING,Dauphin,271.57,PA,2026-01-01,PA_2026-01_rates.xlsx
1044384400001,OAK HILL REHAB & HEALTHCARE CENTER,Westmoreland,278.15,PA,2026-01-01,PA_2026-01_rates.xlsx
1041532520001,OAK RIDGE REHAB & HEALTHCARE CENTER,Lackawanna,254.23,PA,2026-01-01,PA_2026-01_rates.xlsx
1021279230001,OAKWOOD HEALTHCARE & REHABILITATION CTR,Philadelphia,245.25,PA,2026-01-01,PA_2026-01_rates.xlsx
1042117590001,OAKWOOD HEIGHTS VILLAGE,Venango,258.45,PA,2026-01-01,PA_2026-01_rates.xlsx
1044177440001,OIL CITY NURSING AND REHAB,Venango,240.62,PA,2026-01-01,PA_2026-01_rates.xlsx
1045175610001,ONYX WELLNESS CENTER,Montgomery,273.43,PA,2026-01-01,PA_2026-01_rates.xlsx
1043558200001,ORCHARD MANOR,Mercer,272.76,PA,2026-01-01,PA_2026-01_rates.xlsx
1036399350001,ORWIGSBURG NURSING & REHAB CENTER,Schuylkill,224.96,PA,2026-01-01,PA_2026-01_rates.xlsx
1007494880009,OXFORD HEALTH CENTER,Chester,287.96,PA,2026-01-01,PA_2026-01_rates.xlsx
1039413680001,OXFORD REHAB AND HEALTHCARE CENTER,Bucks,273.47,PA,2026-01-01,PA_2026-01_rates.xlsx
1034929500001,PARAMOUNT NURSING & REHAB @ FAYETTEVILLE,Adams,223.63,PA,2026-01-01,PA_2026-01_rates.xlsx
1044887550001,PARKHOUSE REHABILITATION AND NURSING CTR,Montgomery,253.87,PA,2026-01-01,PA_2026-01_rates.xlsx
7566400001,PASSAVANT RETIREMENT AND HEALTH CENTER,Butler,308.68,PA,2026-01-01,PA_2026-01_rates.xlsx
1043734250001,PATRIOT VILLAGE,Somerset,269.4,PA,2026-01-01,PA_2026-01_rates.xlsx
12939630002,PAUL'S RUN,Philadelphia,263.74,PA,2026-01-01,PA_2026-01_rates.xlsx
10334630003,PENN HIGHLANDS JEFFERSON MANOR,Jefferson,244.84,PA,2026-01-01,PA_2026-01_rates.xlsx
1018134940001,PENNKNOLL VILLAGE,Bedford,190.74,PA,2026-01-01,PA_2026-01_rates.xlsx
1025714500001,PENNSBURG MANOR,Montgomery,244.86,PA,2026-01-01,PA_2026-01_rates.xlsx
1034964580001,PENNYPACK NURSING & REHAB CENTER,Philadelphia,262.54,PA,2026-01-01,PA_2026-01_rates.xlsx
6548550001,PETER BECKER COMMUNITY,Montgomery,269.1,PA,2026-01-01,PA_2026-01_rates.xlsx
1044241680001,PETERS TOWNSHIP POST ACUTE,Washington,258.3,PA,2026-01-01,PA_2026-01_rates.xlsx
7494760001,PHILADELPHIA PROTESTANT HOME,Philadelphia,291.74,PA,2026-01-01,PA_2026-01_rates.xlsx
1035290850001,PHOEBE ALLENTOWN HEALTH CARE,Lehigh,274.82,PA,2026-01-01,PA_2026-01_rates.xlsx
13042160001,"PHOEBE BERKS HEALTH CARE CENTER, INC",Berks,298.43,PA,2026-01-01,PA_2026-01_rates.xlsx
18166900001,PHOEBE RICHLAND HCC,Bucks,268.29,PA,2026-01-01,PA_2026-01_rates.xlsx
7507710002,PICKERING MANOR HOME,Bucks,248.69,PA,2026-01-01,PA_2026-01_rates.xlsx
1042146610001,PINE RUN HEALTH CENTER,Bucks,284.07,PA,2026-01-01,PA_2026-01_rates.xlsx
1042966020001,PINE VIEW HEALTHCARE AND REHAB CENTER,Delaware,256.09,PA,2026-01-01,PA_2026-01_rates.xlsx
1007292600009,PINECREST MANOR,Elk,334.94,PA,2026-01-01,PA_2026-01_rates.xlsx
1028623950001,PLATINUM RIDGE CTR FOR REHAB & HEALING,Allegheny,235.51,PA,2026-01-01,PA_2026-01_rates.xlsx
1035424070001,PLEASANT ACRES REHAB AND NURSING CENTER,York,250.43,PA,2026-01-01,PA_2026-01_rates.xlsx
7513110002,PLEASANT VIEW RETIREMENT COMMUNITY,Lancaster,310.38,PA,2026-01-01,PA_2026-01_rates.xlsx
1041031250001,POTTSTOWN SKILLED NSG & REHAB CTR,Montgomery,254.26,PA,2026-01-01,PA_2026-01_rates.xlsx
1033565280001,PREMIER AT PERRY VLG FOR NURSE AND REHAB,Perry,251.54,PA,2026-01-01,PA_2026-01_rates.xlsx
1033747870001,PREMIER WASHINGTON REHAB AND NURSING CTR,Washington,230.79,PA,2026-01-01,PA_2026-01_rates.xlsx
1007513140003,PRESBYTERIAN HOMES-PRESBYTERY-HUNTINGDON,Blair,240.38,PA,2026-01-01,PA_2026-01_rates.xlsx
1041888200001,PROVIDENCE HEALTH & REHAB CENTER,Beaver,230.22,PA,2026-01-01,PA_2026-01_rates.xlsx
1034211340001,PROVIDENCE REHAB & HCC MERCY FITZGERALD,Delaware,265.97,PA,2026-01-01,PA_2026-01_rates.xlsx
1025716000001,QUAKERTOWN CENTER,Bucks,253.77,PA,2026-01-01,PA_2026-01_rates.xlsx
1043118430001,QUALITY LIFE SERVICES - APOLLO,Westmoreland,234.23,PA,2026-01-01,PA_2026-01_rates.xlsx
1043941200001,QUALITY LIFE SERVICES - CHICORA,Butler,256.92,PA,2026-01-01,PA_2026-01_rates.xlsx
1043116920001,QUALITY LIFE SERVICES - GROVE CITY,Mercer,241.5,PA,2026-01-01,PA_2026-01_rates.xlsx
1043117810001,QUALITY LIFE SERVICES - HENRY CLAY,Fayette,239.15,PA,2026-01-01,PA_2026-01_rates.xlsx
1043514280001,QUALITY LIFE SERVICES - MARKLEYSBURG,Fayette,242.7,PA,2026-01-01,PA_2026-01_rates.xlsx
1043934910001,QUALITY LIFE SERVICES - MERCER,Mercer,229.54,PA,2026-01-01,PA_2026-01_rates.xlsx
1043513200001,QUALITY LIFE SERVICES - NEW CASTLE,Lawrence,227.1,PA,2026-01-01,PA_2026-01_rates.xlsx
1044240790001,QUALITY LIFE SERVICES - SARVER,Butler,274.26,PA,2026-01-01,PA_2026-01_rates.xlsx
1043119050001,QUALITY LIFE SERVICES - SUGAR CREEK,Armstrong,227.8,PA,2026-01-01,PA_2026-01_rates.xlsx
1044236520001,QUALITY LIFE SERVICES - WESTMONT,Cambria,241.19,PA,2026-01-01,PA_2026-01_rates.xlsx
7496810002,QUARRYVILLE PRESBYTERIAN RETIREMENT COMM,Lancaster,267.13,PA,2026-01-01,PA_2026-01_rates.xlsx
1001571370002,QUINCY RETIREMENT COMMUNITY,Franklin,248.93,PA,2026-01-01,PA_2026-01_rates.xlsx
17870140002,REDSTONE HIGHLANDS HEALTH CARE CENTER,Westmoreland,273.04,PA,2026-01-01,PA_2026-01_rates.xlsx
1001336450002,REFORMED PRESBYTERIAN HOME,Allegheny,258.28,PA,2026-01-01,PA_2026-01_rates.xlsx
1017333480001,REHAB & NURSING CTR GREATER PITTSBURGH,Westmoreland,282.88,PA,2026-01-01,PA_2026-01_rates.xlsx
1042947420001,"REHAB CENTER  AT JEFFERSON HILLS, THE",Allegheny,273.66,PA,2026-01-01,PA_2026-01_rates.xlsx
1027558780001,RENAISSANCE HEALTHCARE & REHAB CENTER,Philadelphia,256.61,PA,2026-01-01,PA_2026-01_rates.xlsx
7505660001,REST HAVEN-YORK,York,282.95,PA,2026-01-01,PA_2026-01_rates.xlsx
1033340840001,RICHBORO REHABILITATION & NURSING CENTER,Bucks,268.85,PA,2026-01-01,PA_2026-01_rates.xlsx
1039736010001,RICHFIELD HEALTHCARE AND REHAB CENTER,Juniata,249.8,PA,2026-01-01,PA_2026-01_rates.xlsx
1044193000001,RICHLAND NURSING AND REHAB,Cambria,237.76,PA,2026-01-01,PA_2026-01_rates.xlsx
1038324990001,RIDGEVIEW HEALTHCARE & REHAB CENTER,Schuylkill,242.93,PA,2026-01-01,PA_2026-01_rates.xlsx
1040244150001,RIDGEVIEW HEALTHCARE & REHAB CENTER,Clearfield,229.78,PA,2026-01-01,PA_2026-01_rates.xlsx
1038795390001,RIVER VIEW NURSING AND REHAB CENTER,Luzerne,266.4,PA,2026-01-01,PA_2026-01_rates.xlsx
1041846330001,RIVER'S BEND HEALTH & REHAB CENTER,Dauphin,258.92,PA,2026-01-01,PA_2026-01_rates.xlsx
1036248520001,RIVER'S EDGE REHAB & HEALTHCARE CENTER,Philadelphia,258.25,PA,2026-01-01,PA_2026-01_rates.xlsx
1041848760001,RIVERSIDE HEALTH & REHAB CENTER,Allegheny,270.81,PA,2026-01-01,PA_2026-01_rates.xlsx
1038857880001,RIVERSTREET MANOR,Luzerne,247.89,PA,2026-01-01,PA_2026-01_rates.xlsx
1039274200001,RIVERTON REHAB & HEALTHCARE CENTER,Lehigh,294.4,PA,2026-01-01,PA_2026-01_rates.xlsx
1007706140050,ROBERT PACKER HOSP SKD CARE & REHAB CTR,Bradford,357.98,PA,2026-01-01,PA_2026-01_rates.xlsx
1038911120001,ROCHESTER RESIDENCE AND CARE CENTER,Beaver,253.74,PA,2026-01-01,PA_2026-01_rates.xlsx
1001344640003,"ROLLING FIELDS, INC",Crawford,198.04,PA,2026-01-01,PA_2026-01_rates.xlsx
1039732630001,ROLLING HILLS HEALTHCARE & REHAB CENTER,Union,230.14,PA,2026-01-01,PA_2026-01_rates.xlsx
1036998350002,ROOSEVELT REHAB AND HEALTHCARE CENTER,Philadelphia,242.73,PA,2026-01-01,PA_2026-01_rates.xlsx
1034809860001,ROSE CITY NURSING AND REHAB AT LANCASTER,Lancaster,250.67,PA,2026-01-01,PA_2026-01_rates.xlsx
1034979560001,ROSE VIEW NURSING & REHAB CENTER,Lycoming,231.61,PA,2026-01-01,PA_2026-01_rates.xlsx
1034830750001,ROSEMONT CENTER,Montgomery,261.59,PA,2026-01-01,PA_2026-01_rates.xlsx
1036194960001,ROSEWOOD GARDENS REHAB AND NURSING CTR,Delaware,260.86,PA,2026-01-01,PA_2026-01_rates.xlsx
1030276730001,ROSEWOOD REHABILITATION & NURSING CENTER,Schuylkill,229.09,PA,2026-01-01,PA_2026-01_rates.xlsx
7473280001,SAINT JOHN XXIII HOME,Mercer,249.56,PA,2026-01-01,PA_2026-01_rates.xlsx
15804150002,SAINT JOSEPH VILLA,Montgomery,291.52,PA,2026-01-01,PA_2026-01_rates.xlsx
1007457470003,SAINT MARY'S AT ASBURY RIDGE,Erie,300.93,PA,2026-01-01,PA_2026-01_rates.xlsx
1025719050001,SANATOGA CENTER,Montgomery,257.84,PA,2026-01-01,PA_2026-01_rates.xlsx
1044276240001,SAPPHIRE CARE AND REHAB CENTER,Monroe,250.09,PA,2026-01-01,PA_2026-01_rates.xlsx
1007555290009,SARAH A TODD MEMORIAL HOME,Cumberland,306.06,PA,2026-01-01,PA_2026-01_rates.xlsx
1007448570003,SARAH REED SENIOR LIVING,Erie,321.32,PA,2026-01-01,PA_2026-01_rates.xlsx
1040739390001,SAUNDERS NURSING & REHABILITATION CENTER,Montgomery,271.99,PA,2026-01-01,PA_2026-01_rates.xlsx
1026390000001,"SAYRE HEALTH CARE CENTER, LLC",Bradford,215.91,PA,2026-01-01,PA_2026-01_rates.xlsx
1039741800001,SCENERY HILL HEALTHCARE & REHAB CENTER,Indiana,205.0,PA,2026-01-01,PA_2026-01_rates.xlsx
1038820980001,SCHUYLKILL CENTER,Schuylkill,224.26,PA,2026-01-01,PA_2026-01_rates.xlsx
1040261060001,SCOTTDALE HEALTHCARE & REHAB CENTER,Westmoreland,309.58,PA,2026-01-01,PA_2026-01_rates.xlsx
1020015560001,SCRANTON HEALTH CARE CENTER,Lackawanna,264.47,PA,2026-01-01,PA_2026-01_rates.xlsx
1038879890001,SENA KEAN NURSING AND REHAB CENTER,McKean,251.26,PA,2026-01-01,PA_2026-01_rates.xlsx
1043087770001,SENECA PLACE,Allegheny,260.5,PA,2026-01-01,PA_2026-01_rates.xlsx
1036411100001,SETON MANOR NURSING & REHABILITATION CTR,Schuylkill,237.42,PA,2026-01-01,PA_2026-01_rates.xlsx
1041034660001,SHENANDOAH SENIOR LIVING COMMUNITY,Schuylkill,253.07,PA,2026-01-01,PA_2026-01_rates.xlsx
14732730001,SHENANGO PRESBYTERIAN SENIORCARE,Lawrence,276.14,PA,2026-01-01,PA_2026-01_rates.xlsx
8824110001,SHERWOOD OAKS,Butler,303.79,PA,2026-01-01,PA_2026-01_rates.xlsx
1040206030001,SHIPPENSBURG REHAB & HEALTH CARE CENTER,Cumberland,241.83,PA,2026-01-01,PA_2026-01_rates.xlsx
1044186990001,SHIPPENVILLE NURSING AND REHAB,Clarion,230.04,PA,2026-01-01,PA_2026-01_rates.xlsx
1038750010001,SILVER LAKE HEALTHCARE CENTER,Bucks,236.66,PA,2026-01-01,PA_2026-01_rates.xlsx
1038984090001,SILVER STREAM NURSING & REHAB CENTER,Montgomery,228.05,PA,2026-01-01,PA_2026-01_rates.xlsx
7485680002,"SIMPSON HOUSE, INC",Philadelphia,251.8,PA,2026-01-01,PA_2026-01_rates.xlsx
1041029140001,SINKING SPRING SKILLED NSG & REHAB CTR,Berks,249.5,PA,2026-01-01,PA_2026-01_rates.xlsx
1035024100001,SLATE BELT HEALTH AND REHAB CENTER,Northampton,273.42,PA,2026-01-01,PA_2026-01_rates.xlsx
10929740001,SNYDER MEMORIAL HEALTH CARE CENTER,Forest,215.03,PA,2026-01-01,PA_2026-01_rates.xlsx
1041370250001,SOMERSET HEALTHCARE & REHABILITATION CTR,Somerset,261.97,PA,2026-01-01,PA_2026-01_rates.xlsx
10170020001,SOUDERTON MENNONITE HOMES,Montgomery,313.28,PA,2026-01-01,PA_2026-01_rates.xlsx
1044242660001,SOUTH HILLS POST ACUTE,Allegheny,261.23,PA,2026-01-01,PA_2026-01_rates.xlsx
9744890001,SOUTHMONT OF PRESBYTERIAN SENIORCARE,Washington,273.78,PA,2026-01-01,PA_2026-01_rates.xlsx
1038809320001,SOUTHWESTERN NURSING & REHAB CENTER,Allegheny,294.3,PA,2026-01-01,PA_2026-01_rates.xlsx
1001664120003,SPIRITRUST LUTHERAN VLG @ GETTYSBURG,Adams,250.23,PA,2026-01-01,PA_2026-01_rates.xlsx
1001664120022,SPIRITRUST LUTHERAN VLG @ LUTHER RIDGE,Franklin,255.51,PA,2026-01-01,PA_2026-01_rates.xlsx
1001664120007,SPIRITRUST LUTHERAN VLG @ SPRENKLE DRIVE,York,283.54,PA,2026-01-01,PA_2026-01_rates.xlsx
1001664120012,SPIRITRUST LUTHERAN VLG @ UTZ TERRACE,York,278.91,PA,2026-01-01,PA_2026-01_rates.xlsx
1030381110002,SPRING CREEK REHAB AND NURSING CENTER,Dauphin,254.96,PA,2026-01-01,PA_2026-01_rates.xlsx
1038966830001,SPRING HILL REHABILITATION & NURSING CTR,Allegheny,269.01,PA,2026-01-01,PA_2026-01_rates.xlsx
1040817430001,SPRINGFIELD REHAB AND HEALTHCARE CENTER,Delaware,306.59,PA,2026-01-01,PA_2026-01_rates.xlsx
1034474530001,SPRUCE MANOR NURSING AND REHAB CENTER,Berks,228.81,PA,2026-01-01,PA_2026-01_rates.xlsx
1038524640001,SQUIRREL HILL WELLNESS & REHAB CENTER,Allegheny,246.96,PA,2026-01-01,PA_2026-01_rates.xlsx
7552950001,ST. ANNE HOME,Westmoreland,263.04,PA,2026-01-01,PA_2026-01_rates.xlsx
7493960001,ST. ANNES RETIREMENT COMMUNITY,Lancaster,282.25,PA,2026-01-01,PA_2026-01_rates.xlsx
1012019460001,ST. BARNABAS NURSING HOME,Allegheny,298.85,PA,2026-01-01,PA_2026-01_rates.xlsx
1029484350001,ST. FRANCIS CENTER FOR REHAB & HLTH CARE,Delaware,247.71,PA,2026-01-01,PA_2026-01_rates.xlsx
1029487020001,ST. JOHN NEUMAN CTR FOR REHAB & HLTHCARE,Philadelphia,221.2,PA,2026-01-01,PA_2026-01_rates.xlsx
1007389300003,ST. JOHN SPECIALTY CARE CENTER,Butler,285.38,PA,2026-01-01,PA_2026-01_rates.xlsx
1001264530004,ST. JOSEPHS MANOR A D-B-A ENTITY OF HRHS,Montgomery,263.6,PA,2026-01-01,PA_2026-01_rates.xlsx
1007454700003,ST. LUKES REHAB AND NURSING CENTER,Schuylkill,365.94,PA,2026-01-01,PA_2026-01_rates.xlsx
1029486690001,ST. MARTHA CENTER FOR REHAB & HEALTHCARE,Chester,264.3,PA,2026-01-01,PA_2026-01_rates.xlsx
1029485600001,ST. MARY CENTER FOR REHAB & HEALTHCARE,Montgomery,255.5,PA,2026-01-01,PA_2026-01_rates.xlsx
7549400003,ST. MARYS VILLA NSG HOME INC,Lackawanna,293.46,PA,2026-01-01,PA_2026-01_rates.xlsx
1029484800001,ST. MONICA CENTER FOR REHAB & HEALTHCARE,Philadelphia,222.99,PA,2026-01-01,PA_2026-01_rates.xlsx
7486660002,ST. PAUL HOMES,Mercer,254.67,PA,2026-01-01,PA_2026-01_rates.xlsx
1034690300001,STATESMAN HEALTH & REHAB CENTER,Bucks,259.06,PA,2026-01-01,PA_2026-01_rates.xlsx
19017270001,STERLING HEALTH CARE AND REHAB CENTER,Delaware,252.6,PA,2026-01-01,PA_2026-01_rates.xlsx
1034692270001,"STONEBRIDGE HEALTH & REHAB CENTER, LLC",Perry,290.82,PA,2026-01-01,PA_2026-01_rates.xlsx
1007512800004,STONERIDGE POPLAR RUN,Lebanon,232.8,PA,2026-01-01,PA_2026-01_rates.xlsx
1044628390001,Stroudsburg Post Acute Nursing & Rehab,Monroe,245.02,PA,2026-01-01,PA_2026-01_rates.xlsx
1034481000001,SUBURBAN WOODS HEALTH AND REHAB CENTER,Montgomery,271.06,PA,2026-01-01,PA_2026-01_rates.xlsx
1043171300001,SUGAR CREEK CARE CENTER,Venango,254.25,PA,2026-01-01,PA_2026-01_rates.xlsx
1041026000001,SUNBURY SKILLED NURSING & REHAB CTR,Northumberland,213.07,PA,2026-01-01,PA_2026-01_rates.xlsx
1029001550001,SUNNYVIEW NURSING AND REHABILITATION CTR,Butler,224.66,PA,2026-01-01,PA_2026-01_rates.xlsx
1043167790001,SUNSET RIDGE REHAB AND NURSING CENTER,Columbia,281.58,PA,2026-01-01,PA_2026-01_rates.xlsx
1038855810001,SUSQUEHANNA REHAB & WELLNESS CENTER,Lancaster,251.53,PA,2026-01-01,PA_2026-01_rates.xlsx
1007494880012,SWAIM HEALTH CENTER,Cumberland,307.24,PA,2026-01-01,PA_2026-01_rates.xlsx
19252000001,SWEDEN VALLEY MANOR,Potter,215.88,PA,2026-01-01,PA_2026-01_rates.xlsx
1008752500001,TEL HAI RETIREMENT COMMUNITY,Chester,275.72,PA,2026-01-01,PA_2026-01_rates.xlsx
1025691200001,"THE BELVEDERE CENTER, GENESIS HEALTHCARE",Delaware,257.34,PA,2026-01-01,PA_2026-01_rates.xlsx
1000036400003,THE COMMUNITY AT ROCKHILL,Bucks,286.41,PA,2026-01-01,PA_2026-01_rates.xlsx
1032544840001,THE GARDENS AT CAMP HILL,Cumberland,267.42,PA,2026-01-01,PA_2026-01_rates.xlsx
1031129430001,THE GARDENS AT EASTON,Northampton,216.23,PA,2026-01-01,PA_2026-01_rates.xlsx
1034269720001,THE GARDENS AT GETTYSBURG,Adams,243.16,PA,2026-01-01,PA_2026-01_rates.xlsx
1031150600001,THE GARDENS AT MILLVILLE,Columbia,234.24,PA,2026-01-01,PA_2026-01_rates.xlsx
1031153550001,THE GARDENS AT ORANGEVILLE,Columbia,237.37,PA,2026-01-01,PA_2026-01_rates.xlsx
1031149010001,THE GARDENS AT STEVENS,Lancaster,261.93,PA,2026-01-01,PA_2026-01_rates.xlsx
1032450550001,THE GARDENS AT WEST SHORE,Cumberland,254.54,PA,2026-01-01,PA_2026-01_rates.xlsx
1032479620001,THE GARDENS AT YORK TERRACE,Schuylkill,223.48,PA,2026-01-01,PA_2026-01_rates.xlsx
1031158100001,THE GARDENS FOR MEMORY CARE AT EASTON,Northampton,254.72,PA,2026-01-01,PA_2026-01_rates.xlsx
1045600250001,THE MANOR AT PENN VILLAGE,Snyder,242.74,PA,2026-01-01,PA_2026-01_rates.xlsx
1018125210001,THE MANOR AT ST LUKE VILLAGE,Luzerne,250.34,PA,2026-01-01,PA_2026-01_rates.xlsx
1007755030046,THE PAVILION AT BRMC,McKean,247.89,PA,2026-01-01,PA_2026-01_rates.xlsx
1018132330001,THE PAVILION AT ST LUKE VILLAGE,Luzerne,238.78,PA,2026-01-01,PA_2026-01_rates.xlsx
1034830570001,THE PHOENIX CENTER FOR REHAB AND NURSING,Chester,230.83,PA,2026-01-01,PA_2026-01_rates.xlsx
1029143660001,THIRD AVENUE HEALTH & REHAB CENTER,Luzerne,253.38,PA,2026-01-01,PA_2026-01_rates.xlsx
1007555290006,THORNWALD HOME,Cumberland,310.7,PA,2026-01-01,PA_2026-01_rates.xlsx
1044204900001,TITUSVILLE NURSING AND REHAB,Crawford,240.03,PA,2026-01-01,PA_2026-01_rates.xlsx
11184080003,TOWNVIEW HEALTH AND REHAB CENTER,Washington,248.68,PA,2026-01-01,PA_2026-01_rates.xlsx
1040923620001,TRANSITIONS HEALTHCARE ALLENS COVE,Perry,298.37,PA,2026-01-01,PA_2026-01_rates.xlsx
7573330003,TRANSITIONS HEALTHCARE AUTUMN GROVE C C,Butler,267.03,PA,2026-01-01,PA_2026-01_rates.xlsx
1026153490001,TRANSITIONS HEALTHCARE GETTYSBURG,Adams,220.66,PA,2026-01-01,PA_2026-01_rates.xlsx
1029236320001,TRANSITIONS HEALTHCARE NORTH HUNTINGDON,Westmoreland,233.85,PA,2026-01-01,PA_2026-01_rates.xlsx
1042613300001,TRANSITIONS HEALTHCARE SHOOK HOME,Franklin,262.24,PA,2026-01-01,PA_2026-01_rates.xlsx
1029492720001,TRANSITIONS HEALTHCARE WASHINGTON PA,Washington,272.21,PA,2026-01-01,PA_2026-01_rates.xlsx
1034691740001,TREMONT HEALTH & REHABILITATION CENTER,Schuylkill,227.97,PA,2026-01-01,PA_2026-01_rates.xlsx
7515540001,TRILLIUM PLACE,Lancaster,266.6,PA,2026-01-01,PA_2026-01_rates.xlsx
1044886840001,TUCKER HOUSE NSG & REHAB CTR,Philadelphia,238.2,PA,2026-01-01,PA_2026-01_rates.xlsx
1044708030001,TUNKHANNOCK REHAB & HEALTH CARE CENTER,Wyoming,335.79,PA,2026-01-01,PA_2026-01_rates.xlsx
1035610910001,TWIN LAKES REHAB AND HEALTH CENTER,Westmoreland,250.65,PA,2026-01-01,PA_2026-01_rates.xlsx
1022582190001,TWIN PINES HEALTH CARE CENTER,Chester,243.11,PA,2026-01-01,PA_2026-01_rates.xlsx
1038883870001,TWINBROOK HEALTHCARE & REHAB CENTER,Erie,251.54,PA,2026-01-01,PA_2026-01_rates.xlsx
1044204180001,UNIONTOWN NURSING AND REHAB,Fayette,253.46,PA,2026-01-01,PA_2026-01_rates.xlsx
7488530001,UNITED ZION RETIREMENT COMMUNITY,Lancaster,278.13,PA,2026-01-01,PA_2026-01_rates.xlsx
1039828250001,UNIVERSITY CITY REHAB & HEALTHCARE CTR,Philadelphia,268.19,PA,2026-01-01,PA_2026-01_rates.xlsx
1034449520001,VALLEY MANOR REHAB AND HEALTHCARE CTR,Bucks,243.12,PA,2026-01-01,PA_2026-01_rates.xlsx
7565600002,"VALLEY VIEW HAVEN, INC",Mifflin,231.03,PA,2026-01-01,PA_2026-01_rates.xlsx
14028520001,VALLEY VIEW REHAB AND NURSING CENTER,Lycoming,266.6,PA,2026-01-01,PA_2026-01_rates.xlsx
1007499890003,VINCENTIAN HOME,Allegheny,247.97,PA,2026-01-01,PA_2026-01_rates.xlsx
1041049550001,WALLINGFORD SKILLED NURSING & REHAB CTR,Delaware,254.28,PA,2026-01-01,PA_2026-01_rates.xlsx
1044206320001,WALNUT CREEK NURSING AND REHAB,Erie,286.86,PA,2026-01-01,PA_2026-01_rates.xlsx
19252370001,WARREN MANOR,Warren,250.39,PA,2026-01-01,PA_2026-01_rates.xlsx
1044888440001,WATSONTOWN REHABILITATION AND NRSG CTR,Northumberland,234.96,PA,2026-01-01,PA_2026-01_rates.xlsx
1021645150001,WAYNE CENTER,Delaware,271.84,PA,2026-01-01,PA_2026-01_rates.xlsx
14833130001,WAYNE WOODLANDS MANOR,Wayne,243.65,PA,2026-01-01,PA_2026-01_rates.xlsx
1044207030001,WAYNESBURG NURSING AND REHAB,Greene,245.9,PA,2026-01-01,PA_2026-01_rates.xlsx
1043750270001,WECARE AT MONROEVILLE REHAB AND NSG CTR,Allegheny,227.11,PA,2026-01-01,PA_2026-01_rates.xlsx
1043755190001,WECARE AT MT. LEBANON REHAB AND NSG CTR,Allegheny,229.02,PA,2026-01-01,PA_2026-01_rates.xlsx
1043751070001,WECARE AT MURRYSVILLE REHAB AND NSG CTR,Westmoreland,242.12,PA,2026-01-01,PA_2026-01_rates.xlsx
1041155830001,WECARE AT ROLLING MEADOWS REHAB & NSG CT,Greene,230.34,PA,2026-01-01,PA_2026-01_rates.xlsx
1043750630001,WECARE AT SOUTH HILLS REHAB AND NSG CTR,Washington,249.32,PA,2026-01-01,PA_2026-01_rates.xlsx
1040818050001,WECARE AT SYCAMORE REHAB & NURSING CTR,Lycoming,234.87,PA,2026-01-01,PA_2026-01_rates.xlsx
9824080002,WESBURY UNITED METHODIST COMMUNITY,Crawford,230.7,PA,2026-01-01,PA_2026-01_rates.xlsx
10355390002,WESLEY ENHANCED LIVING AT STAPELEY,Philadelphia,258.83,PA,2026-01-01,PA_2026-01_rates.xlsx
7769830001,WESLEY ENHANCED LIVING MAIN LINE REHAB,Delaware,276.58,PA,2026-01-01,PA_2026-01_rates.xlsx
7449700001,WESLEY ENHANCED LIVING PENNYPACK PARK,Philadelphia,244.34,PA,2026-01-01,PA_2026-01_rates.xlsx
10035800001,WESLEY ENHANCED LIVING-DOYLESTOWN,Bucks,269.42,PA,2026-01-01,PA_2026-01_rates.xlsx
71963300002,WESLEY VILLAGE,Luzerne,286.77,PA,2026-01-01,PA_2026-01_rates.xlsx
1040645910001,WEST CHESTER REHAB & HEALTHCARE CENTER,Chester,283.15,PA,2026-01-01,PA_2026-01_rates.xlsx
1043811780001,WEST PARK REHABILITATION & NURSING CTR,Philadelphia,286.84,PA,2026-01-01,PA_2026-01_rates.xlsx
1041022900001,WEST READING SKILLED NURSING & REHAB CTR,Berks,249.62,PA,2026-01-01,PA_2026-01_rates.xlsx
1033360890001,WESTGATE HILLS REHAB AND NURSING CENTER,Delaware,264.19,PA,2026-01-01,PA_2026-01_rates.xlsx
1007513140009,WESTMINSTER WOODS AT HUNTINGDON,Huntingdon,238.78,PA,2026-01-01,PA_2026-01_rates.xlsx
1012805380001,WEXFORD HEALTHCARE CENTER,Allegheny,249.4,PA,2026-01-01,PA_2026-01_rates.xlsx
1044217290001,WHITEHALL BOROUGH POST ACUTE,Allegheny,289.43,PA,2026-01-01,PA_2026-01_rates.xlsx
1026136020001,WHITESTONE CARE CENTER,Monroe,270.89,PA,2026-01-01,PA_2026-01_rates.xlsx
1001679750002,WILLIAM PENN CARE CENTER,Westmoreland,244.35,PA,2026-01-01,PA_2026-01_rates.xlsx
1044208200001,WILLIAM PENN NURSING AND REHAB,Mifflin,224.25,PA,2026-01-01,PA_2026-01_rates.xlsx
7492980001,"WILLIAMSPORT HOME, THE",Lycoming,279.72,PA,2026-01-01,PA_2026-01_rates.xlsx
1039612260001,WILLOW BROOK REHAB AND HEALTHCARE CENTER,Berks,275.35,PA,2026-01-01,PA_2026-01_rates.xlsx
1044459270001,WILLOW GROVE POST ACUTE,Montgomery,312.99,PA,2026-01-01,PA_2026-01_rates.xlsx
1034831460001,WILLOW TERRACE,Philadelphia,241.88,PA,2026-01-01,PA_2026-01_rates.xlsx
1007544140074,WILLOWCREST,Philadelphia,462.77,PA,2026-01-01,PA_2026-01_rates.xlsx
10338930002,"WILLOWS OF PRESBYTERIAN SENIORCARE, THE",Allegheny,274.47,PA,2026-01-01,PA_2026-01_rates.xlsx
1034591500001,WINDBER WOODS SENIOR LIVING & REHAB CTR,Somerset,242.2,PA,2026-01-01,PA_2026-01_rates.xlsx
1041844370001,WOODHAVEN HEALTH & REHAB CENTER,Allegheny,258.76,PA,2026-01-01,PA_2026-01_rates.xlsx
1044822140001,WYNCOTE CARE CENTER,Montgomery,282.86,PA,2026-01-01,PA_2026-01_rates.xlsx
1037004530001,WYNDMOOR HILLS REHAB & NURSING CENTER,Montgomery,292.58,PA,2026-01-01,PA_2026-01_rates.xlsx
1037517390001,WYOMISSING HEALTH AND REHABILITATION CTR,Berks,267.76,PA,2026-01-01,PA_2026-01_rates.xlsx
1041076070001,YARDLEY REHAB & HEALTHCARE CENTER,Bucks,270.15,PA,2026-01-01,PA_2026-01_rates.xlsx
1041045990001,YORK NORTH SKILLED NURSING & REHAB CTR,York,249.54,PA,2026-01-01,PA_2026-01_rates.xlsx
1044888710001,YORK NURSING AND REHABILITATION CENTER,Philadelphia,228.24,PA,2026-01-01,PA_2026-01_rates.xlsx
1041030090001,YORK SOUTH SKILLED NSG & REHAB CTR,York,273.39,PA,2026-01-01,PA_2026-01_rates.xlsx
1039352710001,YORKVIEW NURSING AND REHABILITATION,York,237.49,PA,2026-01-01,PA_2026-01_rates.xlsx
7564070001,"ZERBE SISTERS NURSING CENTER, INC.",Lancaster,281.86,PA,2026-01-01,PA_2026-01_rates.xlsx
