entity_id,entity_name,entity_type,company_name,properties_to_fix
5368,"LIFE CARE CENTERS OF AMERICA, INC.",opco,"LIFE CARE CENTERS OF AMERICA",4
1404,"NATIONAL HEALTH CORPORATION",opco,"NATIONAL HEALTHCARE CORPORATION",2
3117,"RIVER NEUSE GROUP, LLC",opco,"PRINCIPLE LONG TERM CARE",2
4129,"SNOWSHOE LTC GROUP, LLC",opco,"PRINCIPLE LONG TERM CARE",2
4683,"GRANITE FALLS LTC, LLC",opco,"PRINCIPLE LONG TERM CARE",2
7061,"OAKWOOD HEALTH CARE SERVICES, INC.",opco,"EMBASSY HEALTHCARE",2
8245,"LUTHERAN HOMES OF SC, INC.",other,"LUTHERAN HOMES OF SC, INC.",2
27,"ENGLAND ASSOCIATES LP",opco,"WELLINGTON HEALTH CARE SERVICES",1
41,"HIGHLAND VIEW CARE CENTER OPERATING CO., LLC",opco,"CITADEL CARE CENTERS",1
49,"PROSPECT ACQUISITION I LLC",opco,"CASSENA CARE",1
75,"OSCEOLA SNF OPERATIONS LLC",opco,"SOLARIS HEALTHCARE",1
91,"SENECA NURSING AND REHABILITATION",opco,"HURLBUT CARE",1
170,"BALL HEALTHCARE EASTVIEW INC",opco,"BALL HEALTHCARE SERVICES",1
201,"MOUNTAIN VIEW HEALTH & REHAB LLC",opco,"C. ROSS MANAGEMENT",1
273,"MAPLE LTC GROUP, LLC",opco,"PRINCIPLE LONG TERM CARE",1
332,"RELIABLE HEALTH & REHAB AT LAKEWOOD, LLC",opco,"RELIABLE HEALTH CARE MANAGEMENT",1
358,"HEARDMONT HEALTH PROPERTIES LLC",opco,"C. ROSS MANAGEMENT",1
403,"JASPER POINT OF JOURNEY LLC",opco,"JOURNEY HEALTHCARE",1
411,"OAKVIEW NURSING & REHABILITATION CENTER LLC",opco,"CLINICAL SERVICES, INC.",1
434,"GOLD CREST CARE CENTER INC.",opco,"THE MAYER FAMILY",1
440,"SOCIAL CIRCLE CYPRESS LLC",opco,"CYPRESS SKILLED NURSING",1
522,"STANTON HEALTH CENTER LLC",opco,"BENJAMIN LANDA",1
539,"VENUS LEASING CO., LLC",opco,"COMMUNICARE HEALTH",1
563,"SPARTA HEALTH CARE LLC",opco,"CLINICAL SERVICES, INC.",1
570,"ELIZABETHTON MEDICAL INVESTORS LP",opco,"LIFE CARE CENTERS OF AMERICA",1
582,"MOUNT ST. RITA HEALTH CENTRE",opco,"COVENANT HEALTH",1
593,"EVEREST LONG TERM CARE, LLC",opco,"PRINCIPLE LONG TERM CARE",1
607,"SOLARIS HEALTHCARE PARKWAY LLC",opco,"SOLARIS HEALTHCARE",1
659,"CANTON HARBOR HEALTHCARE CENTER, INC.",opco,"FUTURE CARE/LIFEBRIDGE HEALTH",1
675,"ROCKY MOUNT HEALTH AND REHABILITATION, LLC",opco,"SANSTONE HEALTH & REHABILITATION",1
684,"ATHENS LTC, INC",opco,"CIENA HEALTHCARE/LAUREL HEALTH CARE",1
838,"LP MONTEREY LLC",opco,"SIGNATURE HEALTHCARE",1
847,"AVANTE AT MELBOURNE, INC.",opco,"AVANTE CENTERS",1
924,"AVANTE AT INVERNESS, INC.",opco,"AVANTE CENTERS",1
926,"BAINBRIDGE OPERATOR LLC",opco,"MISSION HEALTH COMMUNITIES",1
953,"PEMBROKE OPERATING COMPANY LLC",opco,"BENJAMIN LANDA",1
994,"CHAPLINWOOD NURSING HOME LLC",opco,"CLINICAL SERVICES, INC.",1
1013,"VRNC LLC",opco,"UPSTATE SERVICES GROUP",1
1088,"CARLISLE HEALTH CARE INC",opco,"EMBASSY HEALTHCARE",1
1143,"NORTH GEORGIA CARE SERVICES INC",opco,"RELIABLE HEALTH CARE MANAGEMENT",1
1175,"CLARKSVILLE OPERATING GROUP LLC",opco,"AHAVA HEALTHCARE",1
1176,"SBNH ACQUISITION LLC",opco,"CITADEL CARE CENTERS",1
1241,"PALMETTO PRINCE GEORGE OPERATING LLC",opco,"FUNDAMENTAL HEALTHCARE",1
1242,"WYANT LEASING CO LLC",opco,"COMMUNICARE HEALTH",1
1334,"CLIFTON CARE CENTER INC",opco,"COMMUNICARE HEALTH",1
1358,"VILLAGE CARE OF KING LLC",opco,"SABER HEALTHCARE GROUP",1
1360,"PW SNF LLC",opco,"BEACON HEALTH MANAGEMENT",1
1361,"CARLYLE SENIOR CARE OF AIKEN, LLC",opco,"CARLYLE SENIOR CARE",1
1362,"SOLARIS HEALTHCARE LAKE CITY LLC",opco,"SOLARIS HEALTHCARE",1
1430,"GLENGARIFF OPERATING LLC",opco,"CARERITE CENTERS",1
1436,"OAK HILL OPERATIONS ASSOCIATES LLC",opco,"CENTERS HEALTH CARE",1
1509,"NHC HEALTHCARE-GREENVILLE LLC",opco,"NATIONAL HEALTHCARE CORPORATION",1
1544,"CLR CARTHAGE LLC",opco,"CENTERS HEALTH CARE",1
1572,"ST ANN REHABILITATION & NURSING CENTER",opco,"CATHOLIC CHARITIES NEW HAMPSHIRE",1
1593,"ADAMS FARM LIVING INC",opco,"CENTURY CARE MANAGEMENT",1
1607,"TOWNSEND PARK HEALTH AND REHABILITATION LLC",opco,"CLINICAL SERVICES, INC.",1
1666,"COQUINA CENTER LLC",opco,"ASTON HEALTH",1
1670,"WINTHROP MANOR NURSING HOME LLC",opco,"CLINICAL SERVICES, INC.",1
1763,"SP LEE LLC",opco,"COMMONWEALTH CARE OF ROANOKE",1
1800,"CAPITAL OAKS NURSING & REHABILITATION CENTER LLC",opco,"CENTRAL MANAGEMENT COMPANY",1
1817,"OCOEE COPPER BASIN HEALTH AND REHABILITATION CENTER LLC",opco,"DIVERSICARE HEALTHCARE",1
1836,"LIFE CARE ASSOCIATES, LLC",opco,"LIFE CARE CENTERS OF AMERICA",1
1853,"CHATHAM HEALTH AND REHABILITATION CENTER, LLC",opco,"SABER HEALTHCARE GROUP",1
1864,"CARLYLE SENIOR CARE OF BISHOPVILLE, LLC",opco,"CARLYLE SENIOR CARE",1
1909,"THI OF SOUTH CAROLINA AT CHARLESTON, LLC",opco,"FUNDAMENTAL HEALTHCARE",1
1917,"LIFESPACE COMMUNITIES INC",opco,"LIFESPACE COMMUNITIES",1
1932,"WASHINGTON OPERATIONS ASSOCIATES LLC",opco,"CENTERS HEALTH CARE",1
1939,"JEFFERSONTOWN OPCO, LLC",opco,"The Portopiccolo Group LLC",1
1948,"C.R. OF AUTUMN BREEZE, LLC",opco,"C. ROSS MANAGEMENT",1
2106,"CLR SCHENECTADY LLC",opco,"CENTERS HEALTH CARE",1
2177,"HIGHLANDS NURSING AND REHABILITATION LLC",opco,"DAVID MARX",1
2215,"GRANGEVILLE OF CASCADIA, LLC",opco,"CASCADIA HEALTHCARE",1
2238,"890 WEATHERWOOD LANE OPERATING COMPANY, LLC",opco,"CAREONE",1
2244,"GWINNETT OPERATIONS LLC",opco,"LIFE CARE CENTERS OF AMERICA",1
2313,"MONTEZUMA HEALTH CARE CENTER LLC",opco,"CLINICAL SERVICES, INC.",1
2357,"NHC PLACE AT THE TRACE LLC",opco,"NATIONAL HEALTHCARE CORPORATION",1
2381,"SOUTHLAND OPERATIONS LLC",opco,"BEACON HEALTH MANAGEMENT",1
2390,"CLINTON NURSING, LLC",opco,"COMMUNICARE HEALTH",1
2421,"COLLEGE PINES REHABILITATION AND SKILLED NURSING CENTER LLC",opco,"SANSTONE HEALTH & REHABILITATION",1
2490,"PHARNEY GROUP LLC.",opco,"PERSONAL HEALTHCARE, LLC",1
2498,"185 OLD MILITARY ROAD OPERATING COMPANY LLC",opco,"ELDERWOOD",1
2546,"WHITE OAK MANOR INC",opco,"WHITE OAK MANAGEMENT",1
2548,"POCATELLO HEALTH SERVICES, INC.",opco,"THE ENSIGN GROUP",1
2561,"ORION BLOSSOM LLC",opco,"ATRIUM CENTERS",1
2579,"CL SNF LLC",opco,"BEACON HEALTH MANAGEMENT",1
2617,"LAUREL PARK OPCO LLC",opco,"The Portopiccolo Group LLC",1
2628,"CONWAY LAKES NC, LLC",opco,"CLEAR CHOICE HEALTHCARE",1
2643,"106 TYREE STREET OPERATIONS LLC",opco,"GENESIS HEALTHCARE",1
2654,"MORNINGSIDE ACQUISITION I LLC",opco,"CASSENA CARE",1
2694,"PHG MCRAE LLC",opco,"PEACH HEALTH GROUP",1
2700,"RIVERSIDE HEALTHCARE LP",opco,"WELLINGTON HEALTH CARE SERVICES",1
2709,"FORT VALLEY OPERATOR LLC",opco,"MISSION HEALTH COMMUNITIES",1
2803,"PINE KNOLL CYPRESS LLC",opco,"CYPRESS SKILLED NURSING",1
2830,"MOUNT PLEASANT TN OPCO LLC",opco,"The Portopiccolo Group LLC",1
2837,"THE CROSSINGS AT EAST LAKE OF JOURNEY LLC",opco,"JOURNEY HEALTHCARE",1
2839,"GREENSPRING VILLAGE, INC.",opco,"ERICKSON SENIOR LIVING",1
2862,"NHC HEALTHCARE-BRISTOL LLC",opco,"NATIONAL HEALTHCARE CORPORATION",1
2873,"LAUREL POINT CARE ACQUISITION LLC",opco,"ASTON HEALTH",1
2919,"GARDEN CARE CENTER INC.",opco,"BENJAMIN LANDA",1
2934,"BEL PRE LEASING CO., LLC",opco,"COMMUNICARE HEALTH",1
2935,"REELFOOT OPERATOR LLC",opco,"MISSION HEALTH COMMUNITIES",1
3003,"BROOKSIDE HEALTHCARE & REHABILITATION CENTER LLC",opco,"NATIONWIDE HEALTHCARE SERVICES",1
3019,"ROUTE 92 OPERATIONS LLC",opco,"GENESIS HEALTHCARE",1
3051,"CARLYLE SENIOR CARE OF FLORENCE, LLC",opco,"CARLYLE SENIOR CARE",1
3110,"PALM GARDEN OF PORT ST LUCIE LLC",opco,"PALM GARDEN HEALTH AND REHABILITATION",1
3181,"PHARR COURT ASSOCIATES LP",opco,"WELLINGTON HEALTH CARE SERVICES",1
3184,"THI OF SOUTH CAROLINA AT MAGNOLIA PLACE AT SPARTANBURG, LLC",opco,"FUNDAMENTAL HEALTHCARE",1
3275,"ISLAND LAKE CENTER LLC",opco,"ASTON HEALTH",1
3276,"THE HURLBUT, LLC.",opco,"HURLBUT CARE",1
3367,"RIDERWOOD VILLAGE, INC.",opco,"ERICKSON SENIOR LIVING",1
3503,"THE LAURELS OF CHARLOTTESVILLE, LLC",opco,"CIENA HEALTHCARE/LAUREL HEALTH CARE",1
3519,"1543 COUNTRY CLUB ROAD MANOR OPERATIONS LLC",opco,"GENESIS HEALTHCARE",1
3520,"ARROWHEAD OPERATOR LLC",opco,"MISSION HEALTH COMMUNITIES",1
3541,"WEST JACKSONVILLE CARE ACQUISITION, LLC",opco,"ASTON HEALTH",1
3552,"MORGANFIELD OPCO LLC",opco,"BENJAMIN LANDA",1
3610,"HEARTLAND OF GREENSBORO, INC",opco,"CENTURY CARE MANAGEMENT",1
3621,"CEDAR VALLEY CYPRESS LLC",opco,"CYPRESS SKILLED NURSING",1
3624,"PALMETTO OPERATING LLC",opco,"CARERITE CENTERS",1
3630,"LAUREL SQUARE HEALTHCARE AND REHABILITATION CENTER, LLC",opco,"NATIONWIDE HEALTHCARE SERVICES",1
3662,"AUTUMN CARE OF ALTAVISTA LLC",opco,"SABER HEALTHCARE GROUP",1
3689,"TWIN VIEW OPERATOR LLC",opco,"MISSION HEALTH COMMUNITIES",1
3713,"CARLYLE SENIOR CARE OF KINGSTREE, LLC",opco,"CARLYLE SENIOR CARE",1
3746,"THI OF SOUTH CAROLINA AT COLUMBIA, LLC",opco,"FUNDAMENTAL HEALTHCARE",1
3853,"WADLEY SNF OPERATOR LLC",opco,"BEACON HEALTH MANAGEMENT",1
3860,"SAPPHIRE NURSING AT WAPPINGERS LLC",opco,"SAPPHIRE CARE GROUP",1
3865,"GL VIRGINIA FREDERICKSBURG LLC",opco,"TRIO HEALTHCARE",1
3867,"RIVER VALLEY OPERATING ASSOCIATES LLC",opco,"THE GRAND HEALTHCARE",1
4048,"ADAMSVILLE OPERATING GROUP LLC",opco,"AHAVA HEALTHCARE",1
4049,"FRANKLIN OPERATING GROUP LLC",opco,"AHAVA HEALTHCARE",1
4052,"JELLICO TN OPCO LLC",opco,"PLAINVIEW HEALTHCARE PARTNERS",1
4056,"COCHRAN SNF OPERATOR LLC",opco,"BEACON HEALTH MANAGEMENT",1
4124,"225 BENNETT ROAD OPERATING COMPANY, LLC",opco,"ELDERWOOD",1
4216,"SOLARIS HEALTHCARE NORTH NAPLES LLC",opco,"SOLARIS HEALTHCARE",1
4248,"COMBS STREET OPERATING COMPANY LLC",opco,"The Portopiccolo Group LLC",1
4255,"CENTURY CARE OF GASTONIA, INC",opco,"PEAK RESOURCES, INC.",1
4338,"SOUTH PARKWAY ASSOCIATES LP",opco,"WELLINGTON HEALTH CARE SERVICES",1
4351,"1539 COUNTRY CLUB ROAD OPERATIONS LLC",opco,"GENESIS HEALTHCARE",1
4354,"825 SUMMIT STREET OPERATIONS LLC",opco,"GENESIS HEALTHCARE",1
4355,"NHC HEALTHCARE-HOLSTON HILLS LLC",opco,"NATIONAL HEALTHCARE CORPORATION",1
4360,"NEWNAN NURSING AND REHABILITATION LLC",opco,"CLINICAL SERVICES, INC.",1
4364,"NHC HEALTHCARE-CHATTANOOGA LLC",opco,"NATIONAL HEALTHCARE CORPORATION",1
4441,"JONESBORO NURSING AND REHABILITATION CENTER, LLC",opco,"NORBERT BENNETT & DONALD DENZ",1
4451,"LTC CONSULTING LP",opco,"WELLINGTON HEALTH CARE SERVICES",1
4539,"NHC HEALTHCARE-ROSSVILLE LLC",opco,"NATIONAL HEALTHCARE CORPORATION",1
4613,"EAGLE PEAK LTC GROUP, LLC",opco,"PRINCIPLE LONG TERM CARE",1
4623,"SOMERSET OPERATIONS LLC",opco,"BLUEGRASS HEALTH KY",1
4658,"WILLIAMSBRIDGE MANOR NURSING HOME, LLC",opco,"CENTERS HEALTH CARE",1
4752,"CARTHAGE HEALTHCARE INC.",opco,"PEAK RESOURCES, INC.",1
4790,"CARLYLE SENIOR CARE OF FORK, LLC",opco,"CARLYLE SENIOR CARE",1
4822,"OAK CREST VILLAGE, INC.",opco,"ERICKSON SENIOR LIVING",1
4827,"NHC HEALTHCARE-GLASGOW LLC",opco,"NATIONAL HEALTHCARE CORPORATION",1
4839,"NHC HEALTHCARE-MAULDIN LLC",opco,"NATIONAL HEALTHCARE CORPORATION",1
4850,"BROOKSVILLE HEALTH CARE CENTER LLC",opco,"HEALTH SERVICES MANAGEMENT",1
4924,"HERITAGE OHIO LEASING CO., LLC",opco,"COMMUNICARE HEALTH",1
5008,"LONGTERM LODGING INC",opco,"JAG HEALTHCARE",1
5080,"PIKE CREEK HEALTHCARE SERVICES LLC",opco,"CADIA HEALTHCARE",1
5141,"LYNN HAVEN NURSING HOME LLC",opco,"CLINICAL SERVICES, INC.",1
5163,"FULTON OPERATIONS ASSOCIATES LLC",opco,"CENTERS HEALTH CARE",1
5245,"SHELDON LEASING CO., LLC",opco,"COMMUNICARE HEALTH",1
5266,"HZ SNF LLC",opco,"BEACON HEALTH MANAGEMENT",1
5369,"HCF OF EDINBORO, INC.",opco,"HCF MANAGEMENT",1
5382,"PARK VILLAGE REHAB AND HEALTH, INC.",opco,"PEAK RESOURCES, INC.",1
5445,"TOOMBS NURSING HOME LLC",opco,"CLINICAL SERVICES, INC.",1
5459,"THI OF SOUTH CAROLINA AT CAMP CARE, LLC",opco,"FUNDAMENTAL HEALTHCARE",1
5462,"ORRVILLE POINTE, INC",opco,"JAG HEALTHCARE",1
5474,"NHC HEALTHCARE-GREENWOOD LLC",opco,"NATIONAL HEALTHCARE CORPORATION",1
5486,"SEA CREST ACQUISITION I, LLC",opco,"CASSENA CARE",1
5620,"MOUNT CARMEL REHABILITATION & NURSING CENTER",opco,"CATHOLIC CHARITIES NEW HAMPSHIRE",1
5628,"THI OF SOUTH CAROLINA AT GREENVILLE, LLC",opco,"FUNDAMENTAL HEALTHCARE",1
5645,"SHELBY POINTE LLC",opco,"JAG HEALTHCARE",1
5649,"OAKS ON PARKWOOD, LLC",opco,"NOLAND HEALTH",1
5654,"NORWICH OPERATING CO LLC",opco,"PERSONAL HEALTHCARE, LLC",1
5655,"SHORE VIEW ACQUISITION I LLC",opco,"CASSENA CARE",1
5683,"GL VIRGINIA POQUOSON LLC",opco,"TRIO HEALTHCARE",1
5690,"JOHNS ISLAND POST ACUTE LLC",opco,"PACS GROUP",1
5708,"LAUREL HEALTH CARE COMPANY OF CHATHAM NORTH CAROLINA, INC",opco,"CIENA HEALTHCARE/LAUREL HEALTH CARE",1
5712,"TRADITIONS HEALTH AND REHABILITATION CENTER LLC",opco,"CLINICAL SERVICES, INC.",1
5728,"BIRCH LTC GROUP, LLC",opco,"PRINCIPLE LONG TERM CARE",1
5731,"LP ROANOKE RAPIDS LLC",opco,"SIGNATURE HEALTHCARE",1
5735,"LIBERTY RIDGE HEALTHCARE GROUP LLC",opco,"SABER HEALTHCARE GROUP",1
5758,"SELECTIS SPARTA LLC",opco,"GLOBAL HEALTHCARE REIT",1
5798,"HAMILTON MILL ASSOCIATES LP",opco,"WELLINGTON HEALTH CARE SERVICES",1
5801,"101 13TH STREET OPERATIONS LLC",opco,"GENESIS HEALTHCARE",1
5803,"1046 NORTH POINT, LLC",opco,"FUTURE CARE/LIFEBRIDGE HEALTH",1
5824,"CV SNF, LLC",opco,"BEACON HEALTH MANAGEMENT",1
5886,"NRV HEALTH CARE LLC",opco,"COMMONWEALTH CARE OF ROANOKE",1
5904,"HARNETT HEALTHCARE GROUP, LLC",opco,"SABER HEALTHCARE GROUP",1
5906,"CLEAR WATER CARE ACQUISITION LLC",opco,"ASTON HEALTH",1
5912,"AM SNF LLC",opco,"BEACON HEALTH MANAGEMENT",1
5962,"LAUREL HEALTH CARE COMPANY OF NORTH CAROLINA, INC.",opco,"CIENA HEALTHCARE/LAUREL HEALTH CARE",1
5991,"SPRUCE LTC GROUP, LLC",opco,"PRINCIPLE LONG TERM CARE",1
6060,"PARK AVENUE OPERATING COMPANY LLC",opco,"PHILOSOPHY CARE CENTERS",1
6063,"CHS - SPRINGDALE, INC",opco,"FOUNDATIONS HEALTH SOLUTIONS",1
6094,"GRACE HEIGHTS REHABILITATION AND SKILLED NURSING CENTER LLC",opco,"SANSTONE HEALTH & REHABILITATION",1
6147,"PALM GARDEN OF AVENTURA LLC",opco,"PALM GARDEN HEALTH AND REHABILITATION",1
6219,"THE CLIPPER HOME INC",opco,"APPLE REHAB",1
6221,"TRANSITIONS HEALTHCARE NORTH HUNTINGDON, LLC",opco,"TRANSITIONS HEALTHCARE",1
6228,"WYNFIELD PARK HEALTH AND REHABILITATION, LLC",opco,"CLINICAL SERVICES, INC.",1
6242,"GUILDERLAND OPERATOR LLC",opco,"THE GRAND HEALTHCARE",1
6245,"BVRNC OPERATING LLC",opco,"PERSONAL HEALTHCARE, LLC",1
6295,"AVALON CARE CENTER - VA IVINS LLC",opco,"AVALON HEALTH CARE",1
6297,"660 COMMONWEALTH AVENUE OPERATIONS LLC",opco,"GENESIS HEALTHCARE",1
6350,"TOWNHOUSE OPERATING COMPANY LLC",opco,"PHILOSOPHY CARE CENTERS",1
6359,"290 HANOVER STREET OPERATIONS LLC",opco,"GENESIS HEALTHCARE",1
6390,"ROCK HILL HEALTHCARE, INC.",opco,"THE ENSIGN GROUP",1
6413,"ROSWELL CENTER FOR NURSING AND HEALING LLC",opco,"CYPRESS SKILLED NURSING",1
6419,"OOLTEWAH MEDICAL INVESTORS LP",opco,"LIFE CARE CENTERS OF AMERICA",1
6452,"AVANTE AT OCALA, INC.",opco,"AVANTE CENTERS",1
6482,"THIRTY SIX LEASING CO LLC",opco,"COMMUNICARE HEALTH",1
6588,"ST GEORGE HEALTH CARE LLC",opco,"FUNDAMENTAL HEALTHCARE",1
6637,"PALFFY GROUP LLC",opco,"PERSONAL HEALTHCARE, LLC",1
6639,"GREEN RIDGE HEALTHCARE GROUP, LLC",opco,"SABER HEALTHCARE GROUP",1
6777,"FITZGERALD OPCO LLC",opco,"BEACON HEALTH MANAGEMENT",1
6796,"BAYVIEW NURSING HOME, LLC",opco,"CROSSROADS MEDICAL MANAGEMENT",1
6819,"UNIVERSAL HEALTH CARE CONCORD, INC",opco,"LIFEWORKS REHAB",1
6830,"HARALSON CYPRESS LLC",opco,"CYPRESS SKILLED NURSING",1
6832,"FORDSVILLE OPCO LLC",opco,"BENJAMIN LANDA",1
6898,"JESUP OPERATOR LLC",opco,"MISSION HEALTH COMMUNITIES",1
6922,"DUAL LEASING CO., LLC",opco,"COMMUNICARE HEALTH",1
6931,"PEACHTREE OPERATING GROUP, LLC",opco,"AHAVA HEALTHCARE",1
6970,"BELLEAIR EAST HCC, LLC",opco,"CLEAR CHOICE HEALTHCARE",1
6984,"THI OF SOUTH CAROLINA AT GREENWOOD, LLC",opco,"FUNDAMENTAL HEALTHCARE",1
7031,"ANDERSON SC OPCO LLC",opco,"The Portopiccolo Group LLC",1
7068,"JARVIS LEASING CO LLC",opco,"COMMUNICARE HEALTH",1
7088,"NHC HEALTHCARE-KNOXVILLE LLC",opco,"NATIONAL HEALTHCARE CORPORATION",1
7090,"WHITESTONE HEALTHCARE GROUP, LLC",opco,"SABER HEALTHCARE GROUP",1
7164,"EMBASSY CRYSTAL CARE LLC",opco,"EMBASSY HEALTHCARE",1
7227,"DHS OF BLOUNT COUNTY, LLC",opco,"TRINITY MANAGEMENT, INC.",1
7236,"25 RIDGEWOOD ROAD OPERATIONS LLC",opco,"GENESIS HEALTHCARE",1
7266,"AUTUMN CARE OF BISCOE LLC",opco,"SABER HEALTHCARE GROUP",1
7311,"DOUGLASVILLE NURSING AND REHABILITATION CENTER, LLC",opco,"NORBERT BENNETT & DONALD DENZ",1
7336,"CHESTERFIELD HEALTHCARE GROUP, INC.",opco,"SABER HEALTHCARE GROUP",1
7419,"INVERRARY MEDICAL INVESTORS, LLC",opco,"LIFE CARE CENTERS OF AMERICA",1
7423,"AUTUMN CORPORATION",opco,"SABER HEALTHCARE GROUP",1
7430,"DELMAR GARDENS OF SMYRNA, LLC",opco,"DELMAR GARDENS",1
7526,"ROMNEY HEALTH CARE CENTER LTD PTR",opco,"GENESIS HEALTHCARE",1
7556,"ACCORDIUS HEALTH AT ROSE MANOR LLC",opco,"The Portopiccolo Group LLC",1
7604,"BOWIE CENTER LIMITED PARTNERSHIP",opco,"GENESIS HEALTHCARE",1
7606,"MAGNOLIA MANOR OF ST SIMONS INC",opco,"MAGNOLIA MANOR SENIOR LIVING",1
7625,"THE ENCORE AT BOCA RATON REHABILITATION AND NURSING CENTER",opco,"CARERITE CENTERS",1
7681,"SUNBRIDGE HEALTHCARE LLC",opco,"GENESIS HEALTHCARE",1
7719,"SOLARIS HEALTHCARE CHARLOTTE HARBOR LLC",opco,"SOLARIS HEALTHCARE",1
7780,"THE LAURELS OF BON AIR, LLC",opco,"CIENA HEALTHCARE/LAUREL HEALTH CARE",1
7805,"TN SNF LLC",opco,"BEACON HEALTH MANAGEMENT",1
7879,"GL VIRGINIA PORTSMOUTH LLC",opco,"TRIO HEALTHCARE",1
7913,"FACILITY INVESTMENTS LP",opco,"WELLINGTON HEALTH CARE SERVICES",1
7920,"LAKEWOOD SENIOR CAMPUS, LLC",opco,"O'NEILL HEALTHCARE",1
7934,"JOPAL BRONX, LLC",opco,"CASSENA CARE",1
7957,"SAFIRE REHABILITATION OF SOUTHTOWNS LLC",opco,"SAPPHIRE CARE GROUP",1
7997,"GEM HEALTHCARE, INC.",opco,"THE ENSIGN GROUP",1
8023,"ACCORDIUS HEALTH AT CHARLOTTE LLC",opco,"The Portopiccolo Group LLC",1
8218,"COMMUNITY CARE OF RUTHERFORD COUNTY, INC.",other,"COMMUNITY CARE OF RUTHERFORD COUNTY, INC.",1
8299,"WESLEY COMMONS",other,"WESLEY COMMONS",1
8344,"DOS OF HIALEAH, INC",opco,"DOS OF HIALEAH, INC",1
8347,"RIDGEWOOD HEALTH SERVICES, INC.",opco,"JOETTE K BROWN",1
8501,"HIGHLAND NURSING HOME, INC.",opco,"HIGHLAND NURSING HOME, INC.",1
8742,"STANLEY TOTAL LIVING CENTER, INC",other,"STANLEY TOTAL LIVING CENTER, INC",1
8798,"OLD FOLKS MISSION CENTER,INC.",other,"OLD FOLKS MISSION CENTER,INC.",1
8871,"GOODWILL MENNONITE HOME, INC.",other,"GOODWILL MENNONITE HOME, INC.",1
8878,"BROADMEAD, INC",other,"BROADMEAD, INC",1
8920,"BACON COUNTY HEALTH SERVICES, INC.",other,"BACON COUNTY HEALTH SERVICES, INC.",1
8931,"MERIWETHER HEALTHCARE LLC",opco,"MERIWETHER HEALTHCARE LLC",1
9095,"WELLMORE OF LEXINGTON LLC",opco,"DONALD THOMPSON",1
9190,"TANABELL HEALTH SERVICES, INC.",opco,"BRYAN MOON",1
9192,"PENDLETON MANOR, INC",other,"PENDLETON MANOR, INC",1
9497,"WORTHINGTON CHRISTIAN VILLAGE, INC.",other,"WORTHINGTON CHRISTIAN VILLAGE, INC.",1
9537,"HILLSIDE NURSING CENTER OF WAKE FOREST, INC.",opco,"HILLSIDE NURSING CENTER OF WAKE FOREST, INC.",1
9799,"A G RHODES HOME INC",other,"A G RHODES HOME INC",1
9851,"WELLMORE OF TEGA CAY LLC",opco,"BRENDA THOMPSON",1
9909,"LANDIS HOMES RETIREMENT COMMUNITY",other,"LANDIS HOMES RETIREMENT COMMUNITY",1
9966,"HILLCREST CONVALESCENT CENTER, INC.",opco,"HILLCREST CONVALESCENT CENTER, INC.",1
10053,"SCANDINAVIAN HOME INC",other,"SCANDINAVIAN HOME INC",1
10129,"PLYMOUTH HARBOR, INC.",opco,"PLYMOUTH HARBOR, INC.",1
10134,"PLEASANT VIEW RETIREMENT COMMUNITY",other,"PLEASANT VIEW RETIREMENT COMMUNITY",1
10319,"PINES OF SARASOTA HEALTHCARE LLC",other,"PINES OF SARASOTA HEALTHCARE LLC",1
10436,"ST. BARBARAS MEMORIAL NURSING HOME INC",other,"ST. BARBARAS MEMORIAL NURSING HOME INC",1
10461,"HOLZER SENIOR CARE CENTER",other,"HOLZER SENIOR CARE CENTER",1
10764,"ZERBE SISTERS NURSING CENTER, INC.",opco,"ZERBE SISTERS NURSING CENTER, INC.",1
10775,"CHURCH OF GOD HOME INC",other,"CHURCH OF GOD HOME INC",1
10898,"CORAL GABLES HOLDINGS LLC",opco,"ELI STROHLI",1
10970,"RIDGEVIEW HEALTH SERVICES, INC.",opco,"JOETTE K BROWN",1
10999,"OAK GLEN HEALTHCARE AND REHABILITATION CENTER LLC",opco,"OAK GLEN HEALTHCARE AND REHABILITATION CENTER LLC",1
11059,"ST MARK VILLAGE INC",other,"ST MARK VILLAGE INC",1
11060,"BELKNAP COUNTY",other,"BELKNAP COUNTY",1
11074,"PARKWAY HEALTH & REHAB LLC",opco,"PARKWAY HEALTH & REHAB LLC",1
11104,"JOHN CLARKE RETIREMENT CENTER",other,"JOHN CLARKE RETIREMENT CENTER",1
11184,"PSL REHABILITATION AND HEALTHCARE LLC",opco,"ELI STROHLI",1
11302,"NORTHEAST GEORGIA MEDICAL CENTER HABERSHAM LLC",other,"NORTHEAST GEORGIA MEDICAL CENTER HABERSHAM LLC",1
11335,"MACON OPERATING LLC",opco,"MACON OPERATING LLC",1
11557,"ASHEVILLE HEALTH AND REHABILITATION SNF LLC",opco,"ZEV LEFKOWITZ",1
11565,"COUNTY OF CHESHIRE",other,"COUNTY OF CHESHIRE",1
11603,"GREENERY OPERATING LLC",opco,"GREENERY OPERATING LLC",1
11624,"BAPTIST RETIREMENT HOMES OF NORTH CAROLINA INCORPORATED",other,"BAPTIST RETIREMENT HOMES OF NORTH CAROLINA INCORPORATED",1
11632,"ROBERTS HEALTH CENTRE, INC.",opco,"ROBERTS HEALTH CENTRE, INC.",1
11679,"ROLAND PARK PLACE, INC.",other,"ROLAND PARK PLACE, INC.",1
11756,"SUNRISE MANOR NURSING HOME, INC.",opco,"SUNRISE MANOR NURSING HOME, INC.",1
11869,"BLADEN EAST HEALTH AND REHAB LLC",opco,"HUGH S CAMPBELL",1
11925,"WOODBURY WELLNESS CENTER, INC.",opco,"WOODBURY WELLNESS CENTER, INC.",1
11929,"A G RHODES HOME COBB INC",other,"A G RHODES HOME COBB INC",1