state_facility_id,facility_name,city,daily_rate,state,effective_date,source_file
6000020,ABBINGTON VILLAGE NURSING AND,ROSELLE,276.39,IL,2026-01-01,IL_2026-01_rates.xlsx
6011571,ACCOLADE HC OF PAXTON ON PELLS,PAXTON,271.71,IL,2026-01-01,IL_2026-01_rates.xlsx
6000210,ACCOLADE HEALTHCARE DANVILLE,DANVILLE,265.77,IL,2026-01-01,IL_2026-01_rates.xlsx
6008056,ACCOLADE HEALTHCARE OF EAST PE,EAST PEORIA,177.62,IL,2026-01-01,IL_2026-01_rates.xlsx
6000293,ACCOLADE HEALTHCARE OF PEORIA,PEORIA,273.39,IL,2026-01-01,IL_2026-01_rates.xlsx
6004642,ACCOLADE HEALTHCARE OF PONTIAC,PONTIAC,272.71,IL,2026-01-01,IL_2026-01_rates.xlsx
6001457,ACCOLADE HEALTHCARE OF SAVOY,SAVOY,261.86,IL,2026-01-01,IL_2026-01_rates.xlsx
6004675,ACCOLADE PAXTON SENIOR LIVING,PAXTON,277.5,IL,2026-01-01,IL_2026-01_rates.xlsx
6000046,ADDOLORATA VILLA,WHEELING,244.23,IL,2026-01-01,IL_2026-01_rates.xlsx
6007355,AHVA CARE OF STICKNEY,STICKNEY,299.17,IL,2026-01-01,IL_2026-01_rates.xlsx
6005334,AHVA CARE OF WINFIELD,WINFIELD,240.83,IL,2026-01-01,IL_2026-01_rates.xlsx
6016869,"ALDEN COURTS OF SHOREWOOD, INC",SHOREWOOD,242.81,IL,2026-01-01,IL_2026-01_rates.xlsx
6015507,"ALDEN COURTS OF WATERFORD, LLC",AURORA,247.88,IL,2026-01-01,IL_2026-01_rates.xlsx
6000103,ALDEN DEBES REHABILITATION AND,ROCKFORD,267.49,IL,2026-01-01,IL_2026-01_rates.xlsx
6014757,ALDEN DES PLAINES REHAB HHC,DES PLAINES,304.44,IL,2026-01-01,IL_2026-01_rates.xlsx
6016950,ALDEN ESTATES CTS OF HUNTLEY,HUNTLEY,258.04,IL,2026-01-01,IL_2026-01_rates.xlsx
6003735,ALDEN ESTATES OF BARRINGTON,BARRINGTON,324.65,IL,2026-01-01,IL_2026-01_rates.xlsx
6013429,ALDEN ESTATES OF EVANSTON,EVANSTON,286.42,IL,2026-01-01,IL_2026-01_rates.xlsx
6007033,ALDEN ESTATES OF NAPERVILLE,NAPERVILLE,264.85,IL,2026-01-01,IL_2026-01_rates.xlsx
6014500,ALDEN ESTATES OF NORTHMOOR,CHICAGO,271.72,IL,2026-01-01,IL_2026-01_rates.xlsx
6014922,ALDEN ESTATES OF ORLAND PARK,ORLAND PARK,292.5,IL,2026-01-01,IL_2026-01_rates.xlsx
6016695,ALDEN ESTATES OF SHOREWOOD,SHOREWOOD,287.61,IL,2026-01-01,IL_2026-01_rates.xlsx
6006886,ALDEN ESTATES OF SKOKIE,SKOKIE,278.03,IL,2026-01-01,IL_2026-01_rates.xlsx
6005193,ALDEN LAKELAND REHAB AND HCC,CHICAGO,284.53,IL,2026-01-01,IL_2026-01_rates.xlsx
6009849,ALDEN LINCOLN PARK REHAB,CHICAGO,247.97,IL,2026-01-01,IL_2026-01_rates.xlsx
6005714,ALDEN LONG GROVE REHAB,LONG GROVE,247.93,IL,2026-01-01,IL_2026-01_rates.xlsx
6014765,ALDEN NORTH SHORE REHAB AND HC,SKOKIE,280.48,IL,2026-01-01,IL_2026-01_rates.xlsx
6014773,ALDEN OF WATERFORD,AURORA,278.61,IL,2026-01-01,IL_2026-01_rates.xlsx
6007165,ALDEN PARK STRATHMOOR,ROCKFORD,251.18,IL,2026-01-01,IL_2026-01_rates.xlsx
6001366,ALDEN POPLAR CR REHAB AND HCC,HOFFMAN ESTATES,264.71,IL,2026-01-01,IL_2026-01_rates.xlsx
6008304,ALDEN TERRACE OF MCHENRY REHAB,MCHENRY,240.69,IL,2026-01-01,IL_2026-01_rates.xlsx
6013353,ALDEN TOWN MANOR REHAB AND HCC,CICERO,269.9,IL,2026-01-01,IL_2026-01_rates.xlsx
6000459,ALDEN VALLEY RIDGE REHAB HCC,BLOOMINGDALE,244.04,IL,2026-01-01,IL_2026-01_rates.xlsx
6004014,ALHAMBRA REHAB AND HEALTHCARE,ALHAMBRA,182.09,IL,2026-01-01,IL_2026-01_rates.xlsx
6007843,ALIYA OF CRESTWOOD,CRESTWOOD,307.59,IL,2026-01-01,IL_2026-01_rates.xlsx
6006845,ALIYA OF EVANSTON,EVANSTON,296.08,IL,2026-01-01,IL_2026-01_rates.xlsx
6003628,ALIYA OF GLENWOOD,GLENWOOD,283.63,IL,2026-01-01,IL_2026-01_rates.xlsx
6007280,ALIYA OF HIGHWOOD,HIGHWOOD,289.85,IL,2026-01-01,IL_2026-01_rates.xlsx
6012611,ALIYA OF HOMEWOOD,HOMEWOOD,312.38,IL,2026-01-01,IL_2026-01_rates.xlsx
6000343,ALIYA OF OAK LAWN,OAK LAWN,294.4,IL,2026-01-01,IL_2026-01_rates.xlsx
6007520,ALIYA OF PALATINE,PALATINE,286.25,IL,2026-01-01,IL_2026-01_rates.xlsx
6004550,ALIYA OF PALOS PARK,PALOS PARK,294.76,IL,2026-01-01,IL_2026-01_rates.xlsx
6014831,ALIYA ON 87TH STREET,CHICAGO,295.46,IL,2026-01-01,IL_2026-01_rates.xlsx
6000087,ALL AMERICAN VILLAGE NURSING A,CHICAGO,258.45,IL,2026-01-01,IL_2026-01_rates.xlsx
6000434,ALLURE OF GALESBURG,GALESBURG,230.1,IL,2026-01-01,IL_2026-01_rates.xlsx
6003495,"ALLURE OF GENESEO, LLC",GENESEO,268.44,IL,2026-01-01,IL_2026-01_rates.xlsx
6003446,ALLURE OF KNOX COUNTY,GALESBURG,271.56,IL,2026-01-01,IL_2026-01_rates.xlsx
6010466,ALLURE OF LAKE STOREY,GALESBURG,272.8,IL,2026-01-01,IL_2026-01_rates.xlsx
6004253,ALLURE OF MENDOTA,MENDOTA,266.57,IL,2026-01-01,IL_2026-01_rates.xlsx
6002646,ALLURE OF MOLINE,EAST MOLINE,251.34,IL,2026-01-01,IL_2026-01_rates.xlsx
6001515,"ALLURE OF MT CARROLL, LLC",MOUNT CARROLL,253.5,IL,2026-01-01,IL_2026-01_rates.xlsx
6004303,ALLURE OF PERU,PERU,265.34,IL,2026-01-01,IL_2026-01_rates.xlsx
6007447,ALLURE OF PINECREST,MOUNT MORRIS,265.75,IL,2026-01-01,IL_2026-01_rates.xlsx
6007637,"ALLURE OF PROPHETSTOWN, LLC",PROPHETSTOWN,277.23,IL,2026-01-01,IL_2026-01_rates.xlsx
6011373,ALLURE OF STERLING,STERLING,261.43,IL,2026-01-01,IL_2026-01_rates.xlsx
6006365,ALLURE OF STOCKTON,STOCKTON,276.63,IL,2026-01-01,IL_2026-01_rates.xlsx
6006233,ALLURE OF THE QUAD CITIES,MOLINE,259.38,IL,2026-01-01,IL_2026-01_rates.xlsx
6009690,ALLURE OF WALNUT,WALNUT,267.66,IL,2026-01-01,IL_2026-01_rates.xlsx
6008163,ALLURE OF ZION,ZION,290.03,IL,2026-01-01,IL_2026-01_rates.xlsx
6000129,ALPINE FIRESIDE HEALTH CENTER,ROCKFORD,175.0,IL,2026-01-01,IL_2026-01_rates.xlsx
6001051,ALTA REHAB AT FAIRMONT,CHICAGO,306.25,IL,2026-01-01,IL_2026-01_rates.xlsx
6006720,ALTA REHAB AT OAK BROOK,OAK BROOK,274.41,IL,2026-01-01,IL_2026-01_rates.xlsx
6009435,ALTA REHAB AT WAUCONDA,WAUCONDA,302.16,IL,2026-01-01,IL_2026-01_rates.xlsx
6002877,ALTON MEMORIAL REHAB & THERAPY,ALTON,218.66,IL,2026-01-01,IL_2026-01_rates.xlsx
6000186,AMBASSADOR NURSING REHAB CTR,CHICAGO,242.26,IL,2026-01-01,IL_2026-01_rates.xlsx
6001267,AMBERWOOD CARE CENTRE,ROCKFORD,259.41,IL,2026-01-01,IL_2026-01_rates.xlsx
6007207,APERION CARE BURBANK,BURBANK,318.43,IL,2026-01-01,IL_2026-01_rates.xlsx
6008064,APERION CARE CHICAGO HEIGHTS,CHICAGO HEIGHTS,227.44,IL,2026-01-01,IL_2026-01_rates.xlsx
6007413,APERION CARE DEKALB,DEKALB,283.75,IL,2026-01-01,IL_2026-01_rates.xlsx
6002547,APERION CARE DOLTON,DOLTON,296.85,IL,2026-01-01,IL_2026-01_rates.xlsx
6005847,APERION CARE ELGIN,ELGIN,278.21,IL,2026-01-01,IL_2026-01_rates.xlsx
6015333,APERION CARE FOREST PARK,FOREST PARK,281.76,IL,2026-01-01,IL_2026-01_rates.xlsx
6006902,APERION CARE FOX RIVER,ELGIN,287.56,IL,2026-01-01,IL_2026-01_rates.xlsx
6006829,APERION CARE HILLSIDE,HILLSIDE,296.57,IL,2026-01-01,IL_2026-01_rates.xlsx
6014617,APERION CARE INTERNATIONAL,CHICAGO,292.88,IL,2026-01-01,IL_2026-01_rates.xlsx
6005177,APERION CARE LAKESHORE,CHICAGO,252.4,IL,2026-01-01,IL_2026-01_rates.xlsx
6001077,APERION CARE MIDLOTHIAN,MIDLOTHIAN,252.68,IL,2026-01-01,IL_2026-01_rates.xlsx
6003511,APERION CARE NILES LLC,NILES,292.97,IL,2026-01-01,IL_2026-01_rates.xlsx
6002059,APERION CARE OAK LAWN,OAK LAWN,292.97,IL,2026-01-01,IL_2026-01_rates.xlsx
6006100,APERION CARE WESLEY,CHICAGO,279.91,IL,2026-01-01,IL_2026-01_rates.xlsx
6001713,APERION CARE WEST CHICAGO,WEST CHICAGO,237.51,IL,2026-01-01,IL_2026-01_rates.xlsx
6012173,APERION CARE WESTCHESTER,WESTCHESTER,285.76,IL,2026-01-01,IL_2026-01_rates.xlsx
6008312,APERION CARE WILMINGTON,WILMINGTON,209.7,IL,2026-01-01,IL_2026-01_rates.xlsx
6000384,APOSTOLIC CHRISTIAN HOME,ROANOKE,223.87,IL,2026-01-01,IL_2026-01_rates.xlsx
6002885,APOSTOLIC CHRISTIAN HOME,EUREKA,217.9,IL,2026-01-01,IL_2026-01_rates.xlsx
6000400,APOSTOLIC CHRISTIAN RESTMOR,MORTON,226.18,IL,2026-01-01,IL_2026-01_rates.xlsx
6000426,APOSTOLIC CHRISTIAN SKYLINES,PEORIA,232.84,IL,2026-01-01,IL_2026-01_rates.xlsx
6001085,ARC AT BRADLEY,BRADLEY,254.84,IL,2026-01-01,IL_2026-01_rates.xlsx
6007199,ARC AT CHILLICOTHE,CHILLICOTHE,255.66,IL,2026-01-01,IL_2026-01_rates.xlsx
6002083,ARC AT DWIGHT,DWIGHT,271.51,IL,2026-01-01,IL_2026-01_rates.xlsx
6005920,ARC AT EL PASO,EL PASO,255.19,IL,2026-01-01,IL_2026-01_rates.xlsx
6016687,ARC AT HICKORY POINT,FORSYTH,248.81,IL,2026-01-01,IL_2026-01_rates.xlsx
6008510,ARC AT NORMAL,NORMAL,262.62,IL,2026-01-01,IL_2026-01_rates.xlsx
6005300,ARC AT SANGAMON VALLEY,SPRINGFIELD,253.17,IL,2026-01-01,IL_2026-01_rates.xlsx
6004311,ARC AT STREATOR,STREATOR,251.23,IL,2026-01-01,IL_2026-01_rates.xlsx
6003529,ARCADIA CARE ALEDO,ALEDO,244.37,IL,2026-01-01,IL_2026-01_rates.xlsx
6007181,ARCADIA CARE AUBURN,AUBURN,242.65,IL,2026-01-01,IL_2026-01_rates.xlsx
6001010,ARCADIA CARE BLOOMINGTON,BLOOMINGTON,241.07,IL,2026-01-01,IL_2026-01_rates.xlsx
6004089,ARCADIA CARE HAVANA,HAVANA,258.17,IL,2026-01-01,IL_2026-01_rates.xlsx
6008650,ARCADIA CARE JACKSONVILLE,JACKSONVILLE,240.53,IL,2026-01-01,IL_2026-01_rates.xlsx
6005011,ARCADIA CARE KEWANEE,KEWANEE,256.39,IL,2026-01-01,IL_2026-01_rates.xlsx
6011381,ARCADIA CARE MORRIS,MORRIS,253.67,IL,2026-01-01,IL_2026-01_rates.xlsx
6006399,ARCADIA CARE MORTON,MORTON,250.41,IL,2026-01-01,IL_2026-01_rates.xlsx
6002489,ARCADIA CARE ON THE HILL,SPRINGFIELD,247.57,IL,2026-01-01,IL_2026-01_rates.xlsx
6004147,ARCADIA CARE PEORIA HEIGHTS,PEORIA HEIGHTS,248.45,IL,2026-01-01,IL_2026-01_rates.xlsx
6009427,ARCADIA CARE TOULON,TOULON,247.47,IL,2026-01-01,IL_2026-01_rates.xlsx
6009765,ARCADIA CARE WATSEKA,WATSEKA,270.16,IL,2026-01-01,IL_2026-01_rates.xlsx
6014641,ARCHER HEIGHTS HEALTHCARE,CHICAGO,264.88,IL,2026-01-01,IL_2026-01_rates.xlsx
6006175,ARISTA HEALTHCARE,NAPERVILLE,277.95,IL,2026-01-01,IL_2026-01_rates.xlsx
6000517,ARTHUR HOME,ARTHUR,210.02,IL,2026-01-01,IL_2026-01_rates.xlsx
6016489,ASBURY COURT NURSING & REHAB,DES PLAINES,266.15,IL,2026-01-01,IL_2026-01_rates.xlsx
6016729,ASBURY GARDENS NSG AND REHAB,NORTH AURORA,266.72,IL,2026-01-01,IL_2026-01_rates.xlsx
6006506,ASCENSION LIVING NAZARETHVILLE,DES PLAINES,241.34,IL,2026-01-01,IL_2026-01_rates.xlsx
6014575,ASCENSION RESURRECTION LIFE,CHICAGO,246.33,IL,2026-01-01,IL_2026-01_rates.xlsx
6006662,ASTORIA PLACE LIVING & REHAB,CHICAGO,281.05,IL,2026-01-01,IL_2026-01_rates.xlsx
6003834,ATRIUM HEALTH CARE CENTER,CHICAGO,236.73,IL,2026-01-01,IL_2026-01_rates.xlsx
6005961,AU WELL CARE HOME INC,MARYVILLE,194.28,IL,2026-01-01,IL_2026-01_rates.xlsx
6002067,"AUSTIN OASIS, THE",CHICAGO,252.37,IL,2026-01-01,IL_2026-01_rates.xlsx
6001317,AUTUMN MEADOWS OF CAHOKIA,EAST SAINT LOUI,255.89,IL,2026-01-01,IL_2026-01_rates.xlsx
6005912,AVANTARA AURORA,AURORA,278.41,IL,2026-01-01,IL_2026-01_rates.xlsx
6012967,AVANTARA CHICAGO RIDGE,CHICAGO RIDGE,294.85,IL,2026-01-01,IL_2026-01_rates.xlsx
6007322,AVANTARA EVERGREEN PARK,EVERGREEN PARK,269.71,IL,2026-01-01,IL_2026-01_rates.xlsx
6014138,AVANTARA LAKE ZURICH,LAKE ZURICH,268.62,IL,2026-01-01,IL_2026-01_rates.xlsx
6010482,AVANTARA LIBERTYVILLE,LIBERTYVILLE,296.56,IL,2026-01-01,IL_2026-01_rates.xlsx
6004733,AVANTARA LINCOLN PARK,CHICAGO,286.95,IL,2026-01-01,IL_2026-01_rates.xlsx
6014344,AVANTARA LONG GROVE,LONG GROVE,261.08,IL,2026-01-01,IL_2026-01_rates.xlsx
6012827,AVANTARA OF ELGIN,ELGIN,287.3,IL,2026-01-01,IL_2026-01_rates.xlsx
6010912,AVANTARA PALOS HEIGHTS,PALOS HEIGHTS,296.27,IL,2026-01-01,IL_2026-01_rates.xlsx
6009096,AVANTARA PARK RIDGE,PARK RIDGE,292.95,IL,2026-01-01,IL_2026-01_rates.xlsx
6000095,AVENUES AT ARCADIA LITCHFIELD,LITCHFIELD,214.12,IL,2026-01-01,IL_2026-01_rates.xlsx
6002661,AVENUES AT ARCADIA SPRINGFIELD,SPRINGFIELD,205.78,IL,2026-01-01,IL_2026-01_rates.xlsx
6008205,AVENUES AT QUAD CITIES,SILVIS,258.01,IL,2026-01-01,IL_2026-01_rates.xlsx
6005029,AVENUES AT ROYAL OAK,KEWANEE,234.33,IL,2026-01-01,IL_2026-01_rates.xlsx
6011340,AVISTON COUNTRYSIDE MANOR,AVISTON,205.51,IL,2026-01-01,IL_2026-01_rates.xlsx
6016810,AVONDALE ESTATE OF ELGIN,ELGIN,250.16,IL,2026-01-01,IL_2026-01_rates.xlsx
6003172,AXIOM GARDENS OF FLORA,FLORA,230.41,IL,2026-01-01,IL_2026-01_rates.xlsx
6001531,AXIOM GARDENS OF MOUNT VERNON,MOUNT VERNON,195.93,IL,2026-01-01,IL_2026-01_rates.xlsx
6003156,AXIOM HEALTHCARE OF FLORA,FLORA,211.37,IL,2026-01-01,IL_2026-01_rates.xlsx
6004055,AXIOM HEALTHCARE OF HARRISBURG,HARRISBURG,279.39,IL,2026-01-01,IL_2026-01_rates.xlsx
6004881,AXIOM HEALTHCARE OF MOUNT VERN,MOUNT VERNON,226.5,IL,2026-01-01,IL_2026-01_rates.xlsx
6003065,AXIOM HEALTHCARE OF ROSICLARE,ROSICLARE,226.61,IL,2026-01-01,IL_2026-01_rates.xlsx
6000194,AXIOM HEALTHCARE OF WEST FRANK,WEST FRANKFORT,225.81,IL,2026-01-01,IL_2026-01_rates.xlsx
6000657,BALMORAL NURSING HOME,CHICAGO,216.17,IL,2026-01-01,IL_2026-01_rates.xlsx
6000731,BARRY HEALTHCARE AND SENIOR LI,BARRY,203.1,IL,2026-01-01,IL_2026-01_rates.xlsx
6008171,BATAVIA REHAB AND HLTH CARE CT,BATAVIA,242.76,IL,2026-01-01,IL_2026-01_rates.xlsx
6001176,BEACON CARE AND REHABILITATION,CHICAGO,271.57,IL,2026-01-01,IL_2026-01_rates.xlsx
6000780,BEARDSTOWN HEALTH AND REHAB CE,BEARDSTOWN,244.12,IL,2026-01-01,IL_2026-01_rates.xlsx
6000806,BEECHER MANOR NURSG AND RHB CT,BEECHER,258.07,IL,2026-01-01,IL_2026-01_rates.xlsx
6000822,BELHAVEN NURSING & REHAB CTR,CHICAGO,265.7,IL,2026-01-01,IL_2026-01_rates.xlsx
6011993,BELLA TERRA BLOOMINGDALE,BLOOMINGDALE,276.6,IL,2026-01-01,IL_2026-01_rates.xlsx
6013098,BELLA TERRA ELMHURST,ELMHURST,283.81,IL,2026-01-01,IL_2026-01_rates.xlsx
6013361,BELLA TERRA LAGRANGE,LA GRANGE,297.32,IL,2026-01-01,IL_2026-01_rates.xlsx
6005318,BELLA TERRA LOMBARD,LOMBARD,274.17,IL,2026-01-01,IL_2026-01_rates.xlsx
6000889,BELLA TERRA MORTON GROVE,MORTON GROVE,287.24,IL,2026-01-01,IL_2026-01_rates.xlsx
6012553,BELLA TERRA SCHAUMBURG,SCHAUMBURG,297.47,IL,2026-01-01,IL_2026-01_rates.xlsx
6012975,BELLA TERRA STREAMWOOD,STREAMWOOD,266.04,IL,2026-01-01,IL_2026-01_rates.xlsx
6014369,BELLA TERRA WHEELING,WHEELING,277.99,IL,2026-01-01,IL_2026-01_rates.xlsx
6001341,BELLEVILLE HEALTHCARE CENTER L,BELLEVILLE,250.69,IL,2026-01-01,IL_2026-01_rates.xlsx
6005391,BENTON REHAB AND HEALTH CARE C,BENTON,242.75,IL,2026-01-01,IL_2026-01_rates.xlsx
6010110,BERKELEY NURSING REHAB CENTER,OAK PARK,266.85,IL,2026-01-01,IL_2026-01_rates.xlsx
6014872,BETHANY REHAB AND HCC,DEKALB,246.77,IL,2026-01-01,IL_2026-01_rates.xlsx
6000962,BIG MEADOWS,SAVANNA,231.23,IL,2026-01-01,IL_2026-01_rates.xlsx
6000988,BIRCHWOOD PLAZA,CHICAGO,241.99,IL,2026-01-01,IL_2026-01_rates.xlsx
6000996,BLOOMINGTON REHABILITATION AND,BLOOMINGTON,226.06,IL,2026-01-01,IL_2026-01_rates.xlsx
6001093,BRANDEL HEALTH AND REHAB,NORTHBROOK,243.35,IL,2026-01-01,IL_2026-01_rates.xlsx
6002778,BRIA OF ALTON LP,ALTON,252.7,IL,2026-01-01,IL_2026-01_rates.xlsx
6005474,BRIA OF BELLEVILLE,BELLEVILLE,278.26,IL,2026-01-01,IL_2026-01_rates.xlsx
6007983,BRIA OF CAHOKIA,EAST SAINT LOUI,250.04,IL,2026-01-01,IL_2026-01_rates.xlsx
6007991,BRIA OF CHICAGO HEIGHTS,SOUTH CHICAGO H,252.89,IL,2026-01-01,IL_2026-01_rates.xlsx
6013106,BRIA OF COLUMBIA LP,COLUMBIA,246.83,IL,2026-01-01,IL_2026-01_rates.xlsx
6008270,BRIA OF ELMWOOD PARK,ELMWOOD PARK,300.03,IL,2026-01-01,IL_2026-01_rates.xlsx
6000954,BRIA OF FOREST EDGE,CHICAGO,259.23,IL,2026-01-01,IL_2026-01_rates.xlsx
6003503,BRIA OF GENEVA,GENEVA,279.91,IL,2026-01-01,IL_2026-01_rates.xlsx
6001028,BRIA OF GODFREY LP,GODFREY,258.09,IL,2026-01-01,IL_2026-01_rates.xlsx
6003768,BRIA OF MASCOUTAH LLC,MASCOUTAH,265.89,IL,2026-01-01,IL_2026-01_rates.xlsx
6010086,BRIA OF PALOS HILLS,PALOS HILLS,307.84,IL,2026-01-01,IL_2026-01_rates.xlsx
6001283,BRIA OF RIVER OAKS,BURNHAM,260.48,IL,2026-01-01,IL_2026-01_rates.xlsx
6009930,BRIA OF WESTMONT,WESTMONT,272.02,IL,2026-01-01,IL_2026-01_rates.xlsx
6009534,BRIA OF WOODRIVER LP,WOOD RIVER,276.19,IL,2026-01-01,IL_2026-01_rates.xlsx
6001143,BRIAR PLACE NURSING,INDIAN HEAD PAR,243.48,IL,2026-01-01,IL_2026-01_rates.xlsx
6000353,BRIDGEWAY SENIOR LIVING,BENSENVILLE,262.19,IL,2026-01-01,IL_2026-01_rates.xlsx
6014955,BROOKDALE PLAZA LISLE SNF,LISLE,236.6,IL,2026-01-01,IL_2026-01_rates.xlsx
6001242,BUCKINGHAM PAVILION INC,CHICAGO,219.09,IL,2026-01-01,IL_2026-01_rates.xlsx
6001127,BURBANK REHABILITATION CENTER,BURBANK,312.04,IL,2026-01-01,IL_2026-01_rates.xlsx
6001259,BURGESS SQUARE HEALTHCARE CTR,WESTMONT,244.57,IL,2026-01-01,IL_2026-01_rates.xlsx
6014674,CALHOUN NURSING AND REHAB CTR,HARDIN,216.88,IL,2026-01-01,IL_2026-01_rates.xlsx
6001333,CALIFORNIA TERRACE,CHICAGO,237.18,IL,2026-01-01,IL_2026-01_rates.xlsx
6009336,CARLINVILLE REHAB AND HLTC,CARLINVILLE,245.32,IL,2026-01-01,IL_2026-01_rates.xlsx
6001465,"CARLTON AT THE LAKE, THE",CHICAGO,288.34,IL,2026-01-01,IL_2026-01_rates.xlsx
6001473,CARLYLE HEALTHCARE AND SR LIVI,CARLYLE,240.37,IL,2026-01-01,IL_2026-01_rates.xlsx
6016539,CARMI MANOR,CARMI,248.37,IL,2026-01-01,IL_2026-01_rates.xlsx
6001507,CARRIER MILLS NURSING & REHABI,CARRIER MILLS,217.4,IL,2026-01-01,IL_2026-01_rates.xlsx
6000970,CASEY REHAB AND NURSING,CASEY,219.62,IL,2026-01-01,IL_2026-01_rates.xlsx
6010227,CASEYVILLE NRSG AND REHAB CTR,CASEYVILLE,259.88,IL,2026-01-01,IL_2026-01_rates.xlsx
6009682,CASS COUNTY SENIOR LIVING AND,VIRGINIA,212.55,IL,2026-01-01,IL_2026-01_rates.xlsx
6002869,CEDAR RIDGE HEALTH & REHAB CEN,LEBANON,256.06,IL,2026-01-01,IL_2026-01_rates.xlsx
6012587,CELEBRATE SENIOR LIVING OF MOL,MOLINE,255.54,IL,2026-01-01,IL_2026-01_rates.xlsx
6008833,CELEBRATE SENIOR LIVING OF NIL,NILES,265.1,IL,2026-01-01,IL_2026-01_rates.xlsx
6001523,CENTER HOME HISPANIC ELDERLY,CHICAGO,250.51,IL,2026-01-01,IL_2026-01_rates.xlsx
6001564,CENTRAL BAPTIST VILLAGE,NORRIDGE,234.38,IL,2026-01-01,IL_2026-01_rates.xlsx
6001580,CENTRAL NURSING HOME,CHICAGO,212.79,IL,2026-01-01,IL_2026-01_rates.xlsx
6012355,CENTRALIA MANOR,CENTRALIA,241.23,IL,2026-01-01,IL_2026-01_rates.xlsx
6008601,CHALET LIVING & REHAB,CHICAGO,240.23,IL,2026-01-01,IL_2026-01_rates.xlsx
6001358,CHARLESTON REHAB HEALTH CARE,CHARLESTON,224.82,IL,2026-01-01,IL_2026-01_rates.xlsx
6010367,CHATEAU NURSING AND REHAB,WILLOWBROOK,265.8,IL,2026-01-01,IL_2026-01_rates.xlsx
6001697,CHICAGO RIDGE SNF,CHICAGO RIDGE,225.16,IL,2026-01-01,IL_2026-01_rates.xlsx
6001770,CISNE REHAB AND HEALTH CARE CT,CISNE,235.0,IL,2026-01-01,IL_2026-01_rates.xlsx
6009591,CITADEL AT CASA SCALABRINI,NORTHLAKE,276.63,IL,2026-01-01,IL_2026-01_rates.xlsx
6008817,CITADEL AT SAINT ANNE PLACE,ROCKFORD,230.02,IL,2026-01-01,IL_2026-01_rates.xlsx
6008874,CITADEL AT SAINT BENEDICT,NILES,262.22,IL,2026-01-01,IL_2026-01_rates.xlsx
6008973,CITADEL AT SAINT JOSEPH VILLAG,FREEPORT,234.96,IL,2026-01-01,IL_2026-01_rates.xlsx
6000269,CITADEL CARE CENTER-KANKAKEE,KANKAKEE,285.01,IL,2026-01-01,IL_2026-01_rates.xlsx
6006563,CITADEL CARE CENTER-WILMETTE,WILMETTE,302.01,IL,2026-01-01,IL_2026-01_rates.xlsx
6007009,"CITADEL OF BOURBONNAIS, THE",BOURBONNAIS,288.92,IL,2026-01-01,IL_2026-01_rates.xlsx
6005854,"CITADEL OF GLENVIEW, THE",GLENVIEW,278.33,IL,2026-01-01,IL_2026-01_rates.xlsx
6015168,CITADEL OF NORTHBROOK,NORTHBROOK,311.42,IL,2026-01-01,IL_2026-01_rates.xlsx
6008635,"CITADEL OF SKOKIE, THE",SKOKIE,287.91,IL,2026-01-01,IL_2026-01_rates.xlsx
6009179,"CITADEL OF STERLING, THE",STERLING,258.5,IL,2026-01-01,IL_2026-01_rates.xlsx
6009948,CITY VIEW MULTICARE CENTER LLC,CICERO,205.04,IL,2026-01-01,IL_2026-01_rates.xlsx
6005144,CLARIDGE HEALTHCARE CENTER,LAKE BLUFF,196.82,IL,2026-01-01,IL_2026-01_rates.xlsx
6001796,CLARK MANOR,CHICAGO,237.67,IL,2026-01-01,IL_2026-01_rates.xlsx
6001887,CLINTON MANOR LIVING CENTER,NEW BADEN,228.09,IL,2026-01-01,IL_2026-01_rates.xlsx
6002026,COMMUNITY CARE CENTER,CHICAGO,243.51,IL,2026-01-01,IL_2026-01_rates.xlsx
6016711,CONCORDIA VILLAGE CARE CENTER,SPRINGFIELD,241.17,IL,2026-01-01,IL_2026-01_rates.xlsx
6002075,CONTINENTAL NURSING REHAB CTR,CHICAGO,256.68,IL,2026-01-01,IL_2026-01_rates.xlsx
6015200,COULTERVILLE REHAB AND HCC,COULTERVILLE,235.17,IL,2026-01-01,IL_2026-01_rates.xlsx
6002141,COUNTRY HEALTH,GIFFORD,248.12,IL,2026-01-01,IL_2026-01_rates.xlsx
6005631,COUNTRYSIDE CARE CENTER,MACOMB,234.86,IL,2026-01-01,IL_2026-01_rates.xlsx
6002190,COUNTRYSIDE NURSING AND REHAB,DOLTON,251.51,IL,2026-01-01,IL_2026-01_rates.xlsx
6011753,COVENANT LIVING - WINDSOR PARK,CAROL STREAM,203.4,IL,2026-01-01,IL_2026-01_rates.xlsx
6000277,CRESCENT CARE OF ELGIN,ELGIN,266.42,IL,2026-01-01,IL_2026-01_rates.xlsx
6002265,CRESTWOOD REHABILITATION CENTE,CRESTWOOD,267.15,IL,2026-01-01,IL_2026-01_rates.xlsx
6002273,CRESTWOOD TERRACE,CRESTWOOD,223.51,IL,2026-01-01,IL_2026-01_rates.xlsx
6002299,CRYSTAL PINES REHAB AND HCC,CRYSTAL LAKE,248.91,IL,2026-01-01,IL_2026-01_rates.xlsx
6002307,CUMBERLAND REHAB HEALTH CARE,GREENUP,232.94,IL,2026-01-01,IL_2026-01_rates.xlsx
6003081,DECATUR REHAB HEALTH CARE CTR,DECATUR,206.69,IL,2026-01-01,IL_2026-01_rates.xlsx
6005276,DIXON REHAB AND HCC,DIXON,233.51,IL,2026-01-01,IL_2026-01_rates.xlsx
6002521,DOBSON PLAZA NURSING  & REHAB,EVANSTON,245.88,IL,2026-01-01,IL_2026-01_rates.xlsx
6002539,DOCTORS NURSING AND REHAB CTR,SALEM,267.39,IL,2026-01-01,IL_2026-01_rates.xlsx
6002943,DUQUOIN NURSING & REHABILITATI,DU QUOIN,196.26,IL,2026-01-01,IL_2026-01_rates.xlsx
6003222,EAST BANK CENTER,LOVES PARK,243.89,IL,2026-01-01,IL_2026-01_rates.xlsx
6007025,EASTSIDE HEALTH AND REHAB CENT,PITTSFIELD,244.16,IL,2026-01-01,IL_2026-01_rates.xlsx
6009237,EASTVIEW HEALTHCARE AND SENIOR,SULLIVAN,218.23,IL,2026-01-01,IL_2026-01_rates.xlsx
6002679,EDEN VILLAGE,GLEN CARBON,211.92,IL,2026-01-01,IL_2026-01_rates.xlsx
6009559,EFFINGHAM HEALTHCARE AND SENIO,EFFINGHAM,222.05,IL,2026-01-01,IL_2026-01_rates.xlsx
6002745,EL PASO HEALTH CARE CENTER,EL PASO,249.48,IL,2026-01-01,IL_2026-01_rates.xlsx
6003248,ELDORADO REHAB & HEALTHCARE LL,ELDORADO,197.25,IL,2026-01-01,IL_2026-01_rates.xlsx
6012595,ELEVATE CARE ABINGTON LLC,GLENVIEW,281.48,IL,2026-01-01,IL_2026-01_rates.xlsx
6003594,ELEVATE CARE CHICAGO NORTH,CHICAGO,291.35,IL,2026-01-01,IL_2026-01_rates.xlsx
6005904,ELEVATE CARE COUNTRY CLUB HILL,COUNTRY CLUB HI,290.61,IL,2026-01-01,IL_2026-01_rates.xlsx
6006191,ELEVATE CARE NILES,NILES,276.05,IL,2026-01-01,IL_2026-01_rates.xlsx
6003214,ELEVATE CARE NORTH BRANCH,NILES,279.01,IL,2026-01-01,IL_2026-01_rates.xlsx
6003586,ELEVATE CARE NORTHBROOK,NORTHBROOK,248.93,IL,2026-01-01,IL_2026-01_rates.xlsx
6007934,ELEVATE CARE PALOS HEIGHTS,PALOS HEIGHTS,287.62,IL,2026-01-01,IL_2026-01_rates.xlsx
6001119,ELEVATE CARE RIVERWOODS,RIVERWOODS,268.25,IL,2026-01-01,IL_2026-01_rates.xlsx
6007868,ELEVATE CARE SOUTH HOLLAND,SOUTH HOLLAND,300.15,IL,2026-01-01,IL_2026-01_rates.xlsx
6006647,ELEVATE CARE WAUKEGAN,WAUKEGAN,262.66,IL,2026-01-01,IL_2026-01_rates.xlsx
6014856,ELEVATE CARE WINDSOR PARK,CHICAGO,268.7,IL,2026-01-01,IL_2026-01_rates.xlsx
6002828,ELMHURST EXTENDED CARE CENTER,ELMHURST,252.18,IL,2026-01-01,IL_2026-01_rates.xlsx
6003404,ENCORE VILLAGE,SCHAUMBURG,254.56,IL,2026-01-01,IL_2026-01_rates.xlsx
6005425,ENFIELD REHAB HEALTH CARE,ENFIELD,226.28,IL,2026-01-01,IL_2026-01_rates.xlsx
6002901,EVENGLOW LODGE,PONTIAC,220.86,IL,2026-01-01,IL_2026-01_rates.xlsx
6002711,EVERCARE AT UNIVERSITY,EDWARDSVILLE,214.85,IL,2026-01-01,IL_2026-01_rates.xlsx
6001101,EVERCARE OF BREESE,BREESE,242.47,IL,2026-01-01,IL_2026-01_rates.xlsx
6007496,EVERCARE OF COLLINSVILLE,COLLINSVILLE,240.08,IL,2026-01-01,IL_2026-01_rates.xlsx
6002729,EVERCARE OF EDWARDSVILLE,EDWARDSVILLE,253.38,IL,2026-01-01,IL_2026-01_rates.xlsx
6003842,EVERCARE OF JERSEYVILLE,JERSEYVILLE,229.53,IL,2026-01-01,IL_2026-01_rates.xlsx
6001044,EVERCARE OF LEBANON,LEBANON,230.46,IL,2026-01-01,IL_2026-01_rates.xlsx
6009831,EVERCARE OF SWANSEA,SWANSEA,219.91,IL,2026-01-01,IL_2026-01_rates.xlsx
6002133,EVERGREEN NURSING AND REHAB CT,EFFINGHAM,214.41,IL,2026-01-01,IL_2026-01_rates.xlsx
6010391,EVERVELLA OF SWANSEA,SWANSEA,264.45,IL,2026-01-01,IL_2026-01_rates.xlsx
6002950,FAIR HAVENS SENIOR LIVING,DECATUR,273.68,IL,2026-01-01,IL_2026-01_rates.xlsx
6002976,FAIR OAKS HEALTH CARE CENTER,CRYSTAL LAKE,266.94,IL,2026-01-01,IL_2026-01_rates.xlsx
6002984,FAIR OAKS REHAB AND HCC,SOUTH BELOIT,250.29,IL,2026-01-01,IL_2026-01_rates.xlsx
6009815,FAIRFIELD SENIOR LIVING AND RE,FAIRFIELD,219.95,IL,2026-01-01,IL_2026-01_rates.xlsx
6003024,FAIRHAVEN CHRISTIAN RET HOME,ROCKFORD,214.31,IL,2026-01-01,IL_2026-01_rates.xlsx
6003040,FAIRVIEW HAVEN NURSING HOME,FAIRBURY,218.99,IL,2026-01-01,IL_2026-01_rates.xlsx
6003099,FAIRVIEW REHAB & HEALTHCARE,DU QUOIN,185.92,IL,2026-01-01,IL_2026-01_rates.xlsx
6008155,FARGO HEALTH CARE CENTER,CHICAGO,241.74,IL,2026-01-01,IL_2026-01_rates.xlsx
6003115,FARMINGTON VILLAGE NURSING AND,FARMINGTON,288.93,IL,2026-01-01,IL_2026-01_rates.xlsx
6003123,FAYETTE COUNTY HOSPITAL NH,VANDALIA,209.74,IL,2026-01-01,IL_2026-01_rates.xlsx
6001614,FIRESIDE HOUSE OF CENTRALIA,CENTRALIA,214.18,IL,2026-01-01,IL_2026-01_rates.xlsx
6000939,FLANAGAN REHABILITATION HCC,FLANAGAN,253.97,IL,2026-01-01,IL_2026-01_rates.xlsx
6003180,FLORENCE NURSING HOME,MARENGO,243.73,IL,2026-01-01,IL_2026-01_rates.xlsx
6003198,FONDULAC REHAB AND HEALTH CARE,EAST PEORIA,254.75,IL,2026-01-01,IL_2026-01_rates.xlsx
6001135,FOREST CITY REHAB AND NRSG CTR,ROCKFORD,207.6,IL,2026-01-01,IL_2026-01_rates.xlsx
6000483,FOREST VIEW REHAB NURSING CTR,ITASCA,253.77,IL,2026-01-01,IL_2026-01_rates.xlsx
6000137,FOSTER HEALTH AND REHAB CENTER,CHICAGO,273.07,IL,2026-01-01,IL_2026-01_rates.xlsx
6012413,FRANCISCAN VILLAGE,LEMONT,250.67,IL,2026-01-01,IL_2026-01_rates.xlsx
6003297,FRANKFORT TERRACE,FRANKFORT,189.62,IL,2026-01-01,IL_2026-01_rates.xlsx
6003305,FRANKLIN GROVE LIVING REHAB,FRANKLIN GROVE,251.02,IL,2026-01-01,IL_2026-01_rates.xlsx
6003321,FREEBURG CARE CENTER,FREEBURG,205.65,IL,2026-01-01,IL_2026-01_rates.xlsx
6003388,FRIENDSHIP MANOR,ROCK ISLAND,228.05,IL,2026-01-01,IL_2026-01_rates.xlsx
6015895,FRIENDSHIP MANOR HEALTH CARE,NASHVILLE,208.41,IL,2026-01-01,IL_2026-01_rates.xlsx
6003438,GALENA STAUSS NURSING HOME,GALENA,201.59,IL,2026-01-01,IL_2026-01_rates.xlsx
6007975,GALLATIN MANOR,RIDGWAY,250.35,IL,2026-01-01,IL_2026-01_rates.xlsx
6000467,GENERATIONS AT APPLEWOOD,MATTESON,295.74,IL,2026-01-01,IL_2026-01_rates.xlsx
6006837,GENERATIONS AT OAKTON PAVILLIO,DES PLAINES,281.78,IL,2026-01-01,IL_2026-01_rates.xlsx
6007793,GENERATIONS AT REGENCY,NILES,282.27,IL,2026-01-01,IL_2026-01_rates.xlsx
6008130,GENERATIONS AT ROCK ISLAND,ROCK ISLAND,255.47,IL,2026-01-01,IL_2026-01_rates.xlsx
6003552,GIBSON COMMUNITY HOSPITAL ANNE,GIBSON CITY,223.61,IL,2026-01-01,IL_2026-01_rates.xlsx
6000681,GILLESPIE HEALTH AND REHAB CEN,GILLESPIE,258.52,IL,2026-01-01,IL_2026-01_rates.xlsx
6003578,GILMAN HEALTHCARE CENTER,GILMAN,259.95,IL,2026-01-01,IL_2026-01_rates.xlsx
6003610,GLENVIEW TERRACE,GLENVIEW,288.63,IL,2026-01-01,IL_2026-01_rates.xlsx
6003636,GOLDEN GOOD SHEPHERD HOME,GOLDEN,213.53,IL,2026-01-01,IL_2026-01_rates.xlsx
6004261,GOLDWATER CARE BLOOMINGTON,BLOOMINGTON,286.95,IL,2026-01-01,IL_2026-01_rates.xlsx
6015879,GOLDWATER CARE CLINTON,CLINTON,270.52,IL,2026-01-01,IL_2026-01_rates.xlsx
6001952,GOLDWATER CARE DANVILLE,DANVILLE,279.41,IL,2026-01-01,IL_2026-01_rates.xlsx
6003560,GOLDWATER CARE GIBSON CITY,GIBSON CITY,270.89,IL,2026-01-01,IL_2026-01_rates.xlsx
6008015,GOLDWATER CARE MARSEILLES,MARSEILLES,277.73,IL,2026-01-01,IL_2026-01_rates.xlsx
6003420,GOLDWATER CARE PEORIA HEIGHTS,PEORIA HEIGHTS,274.09,IL,2026-01-01,IL_2026-01_rates.xlsx
6001945,GOLDWATER CARE PRINCETON,PRINCETON,262.38,IL,2026-01-01,IL_2026-01_rates.xlsx
6005136,GOLDWATER CARE ROSEVILLE,ROSEVILLE,276.04,IL,2026-01-01,IL_2026-01_rates.xlsx
6008783,GOLDWATER CARE SPRING VALLEY,SPRING VALLEY,268.55,IL,2026-01-01,IL_2026-01_rates.xlsx
6006308,GOLDWATER CARE TOLUCA,TOLUCA,256.74,IL,2026-01-01,IL_2026-01_rates.xlsx
6005573,GOLDWATER PONTIAC NURSING HOME,PONTIAC,262.05,IL,2026-01-01,IL_2026-01_rates.xlsx
6003685,GOOD SAMARITAN HOME OF QUINCY,QUINCY,215.42,IL,2026-01-01,IL_2026-01_rates.xlsx
6003727,GOTTLIEB MEMORIAL HOSPITAL,MELROSE PARK,245.92,IL,2026-01-01,IL_2026-01_rates.xlsx
6060524,GRAHAM HOSP EXT CARE FACILITY,CANTON,209.88,IL,2026-01-01,IL_2026-01_rates.xlsx
6001986,GRANITE NURSING AND REHAB CTR,GRANITE CITY,212.97,IL,2026-01-01,IL_2026-01_rates.xlsx
6015499,GREEK AMERICAN REHAB CARE CTR,WHEELING,253.31,IL,2026-01-01,IL_2026-01_rates.xlsx
6016570,GREENFIELDS OF GENEVA,GENEVA,232.18,IL,2026-01-01,IL_2026-01_rates.xlsx
6004493,GREENVILLE NURSING & REHABILIT,GREENVILLE,207.51,IL,2026-01-01,IL_2026-01_rates.xlsx
6008593,"GROVE AT THE LAKE, THE",ZION,269.91,IL,2026-01-01,IL_2026-01_rates.xlsx
6000756,"GROVE HEALTH AND REHAB CENTER,",JACKSONVILLE,261.72,IL,2026-01-01,IL_2026-01_rates.xlsx
6010144,"GROVE OF ELMHURST, THE",ELMHURST,278.14,IL,2026-01-01,IL_2026-01_rates.xlsx
6008916,"GROVE OF EVANSTON L & R, THE",EVANSTON,272.52,IL,2026-01-01,IL_2026-01_rates.xlsx
6000574,GROVE OF FOX VALLEY,AURORA,286.77,IL,2026-01-01,IL_2026-01_rates.xlsx
6003057,"GROVE OF LAGRANGE PARK, THE",LA GRANGE PARK,268.26,IL,2026-01-01,IL_2026-01_rates.xlsx
6003412,"GROVE OF NORTHBROOK, THE",NORTHBROOK,246.39,IL,2026-01-01,IL_2026-01_rates.xlsx
6009625,"GROVE OF SKOKIE, THE",SKOKIE,244.95,IL,2026-01-01,IL_2026-01_rates.xlsx
6007439,GROVE OF ST CHARLES,SAINT CHARLES,274.53,IL,2026-01-01,IL_2026-01_rates.xlsx
6005979,HALLMARK HEALTHCARE OF CARLINV,CARLINVILLE,247.01,IL,2026-01-01,IL_2026-01_rates.xlsx
6003933,HALLMARK HEALTHCARE OF PEKIN,PEKIN,261.91,IL,2026-01-01,IL_2026-01_rates.xlsx
6004006,HAMMOND HENRY DISTRICT HOSPITA,GENESEO,232.94,IL,2026-01-01,IL_2026-01_rates.xlsx
6013684,HARMONY HEALTHCARE AND REHABIL,CHICAGO,268.01,IL,2026-01-01,IL_2026-01_rates.xlsx
6014534,HARMONY PALOS,PALOS HEIGHTS,292.37,IL,2026-01-01,IL_2026-01_rates.xlsx
6009823,"HAVEN OF ARCOLA, THE",ARCOLA,226.85,IL,2026-01-01,IL_2026-01_rates.xlsx
6000855,"HAVEN OF BEMENT, THE",BEMENT,254.79,IL,2026-01-01,IL_2026-01_rates.xlsx
6001150,"HAVEN OF BRIDGEPORT, THE",BRIDGEPORT,227.14,IL,2026-01-01,IL_2026-01_rates.xlsx
6004824,"HAVEN OF FARMER CITY, THE",FARMER CITY,226.86,IL,2026-01-01,IL_2026-01_rates.xlsx
6004212,"HAVEN OF MEADOWBROOK, THE",CHAMPAIGN,256.7,IL,2026-01-01,IL_2026-01_rates.xlsx
6004204,"HAVEN OF ST. ELMO, THE",SAINT ELMO,256.21,IL,2026-01-01,IL_2026-01_rates.xlsx
6002588,"HAVEN OF TUSCOLA, THE",TUSCOLA,226.34,IL,2026-01-01,IL_2026-01_rates.xlsx
6015317,HAWTHORNE INN OF DANVILLE,DANVILLE,248.01,IL,2026-01-01,IL_2026-01_rates.xlsx
6016901,HEALTHBRIDGE OF ARLINGTON HTS,ARLINGTON HEIGH,240.46,IL,2026-01-01,IL_2026-01_rates.xlsx
6009310,HEARTHSTONE MANOR,WOODSTOCK,242.26,IL,2026-01-01,IL_2026-01_rates.xlsx
6004121,HEARTLAND NURSING AND REHAB,CASEY,202.69,IL,2026-01-01,IL_2026-01_rates.xlsx
6013437,HEARTLAND SENIOR LIVING,NEOGA,250.86,IL,2026-01-01,IL_2026-01_rates.xlsx
6004139,HEATHER HEALTH CARE CENTER,HARVEY,245.72,IL,2026-01-01,IL_2026-01_rates.xlsx
6016091,HELIA HEALTHCARE OF BENTON,BENTON,219.6,IL,2026-01-01,IL_2026-01_rates.xlsx
6005870,HELIA HEALTHCARE OF ENERGY,ENERGY,219.33,IL,2026-01-01,IL_2026-01_rates.xlsx
6006548,HELIA HEALTHCARE OF NEWTON,NEWTON,206.44,IL,2026-01-01,IL_2026-01_rates.xlsx
6006910,HELIA HEALTHCARE OF OLNEY,OLNEY,220.12,IL,2026-01-01,IL_2026-01_rates.xlsx
6003255,HELIA SOUTHBELT HEALTHCARE,BELLEVILLE,245.31,IL,2026-01-01,IL_2026-01_rates.xlsx
6012066,HENDERSON CO RETIREMENT CENTER,STRONGHURST,205.28,IL,2026-01-01,IL_2026-01_rates.xlsx
6003917,HENRY AND JANE VONDERLIETH CTR,MOUNT PULASKI,239.34,IL,2026-01-01,IL_2026-01_rates.xlsx
6011613,HENRY REHAB AND NURSING,HENRY,250.81,IL,2026-01-01,IL_2026-01_rates.xlsx
6004592,HERITAGE HEALTH HOOPESTON,HOOPESTON,228.1,IL,2026-01-01,IL_2026-01_rates.xlsx
6004337,HERITAGE SQUARE,DIXON,219.39,IL,2026-01-01,IL_2026-01_rates.xlsx
6004352,HICKORY VILLAGE NURSING AND RE,HICKORY HILLS,264.86,IL,2026-01-01,IL_2026-01_rates.xlsx
6001663,HIGHLAND HEALTH CARE CENTER,HIGHLAND,249.84,IL,2026-01-01,IL_2026-01_rates.xlsx
6000392,HIGHLAND OAKS,ELGIN,229.82,IL,2026-01-01,IL_2026-01_rates.xlsx
6002844,HIGHLIGHT HEALTHCARE OF AURORA,AURORA,251.5,IL,2026-01-01,IL_2026-01_rates.xlsx
6007504,HIGHLIGHT HEALTHCARE OF MORRIS,MORRISON,222.37,IL,2026-01-01,IL_2026-01_rates.xlsx
6008098,HIGHLIGHT HEALTHCARE OF ROCHEL,ROCHELLE,205.39,IL,2026-01-01,IL_2026-01_rates.xlsx
6002695,HIGHLIGHT HEALTHCARE OF STERLI,STERLING,197.34,IL,2026-01-01,IL_2026-01_rates.xlsx
6010136,HIGHLIGHT HEALTHCARE OF WOODST,WOODSTOCK,253.18,IL,2026-01-01,IL_2026-01_rates.xlsx
6004410,HILLCREST RETIREMENT VILLAGE,ROUND LAKE BEAC,244.65,IL,2026-01-01,IL_2026-01_rates.xlsx
6004428,HILLSBORO REHAB AND HLTC,HILLSBORO,227.37,IL,2026-01-01,IL_2026-01_rates.xlsx
6004451,HILLSIDE REHAB AND CARE CENTER,YORKVILLE,223.64,IL,2026-01-01,IL_2026-01_rates.xlsx
6004477,HILLTOP SKILLED NURSING AND RE,CHARLESTON,240.2,IL,2026-01-01,IL_2026-01_rates.xlsx
6004485,HILLVIEW SENIOR LIVING AND REH,VIENNA,203.35,IL,2026-01-01,IL_2026-01_rates.xlsx
6004501,HITZ MEMORIAL HOME,ALHAMBRA,203.63,IL,2026-01-01,IL_2026-01_rates.xlsx
6006761,HOPE CREEK NURSING AND REHABIL,EAST MOLINE,266.15,IL,2026-01-01,IL_2026-01_rates.xlsx
6016554,IGNITE MEDICAL HANOVER PARK,HANOVER PARK,265.91,IL,2026-01-01,IL_2026-01_rates.xlsx
6016992,IGNITE MEDICAL MCHENRY,MCHENRY,252.88,IL,2026-01-01,IL_2026-01_rates.xlsx
6012579,IMBODEN CREEK SENIOR LIVING AN,DECATUR,224.26,IL,2026-01-01,IL_2026-01_rates.xlsx
6001788,INTEGRITY HC OF ANNA,ANNA,224.4,IL,2026-01-01,IL_2026-01_rates.xlsx
6009203,INTEGRITY HC OF CARBONDALE,CARBONDALE,269.92,IL,2026-01-01,IL_2026-01_rates.xlsx
6004469,INTEGRITY HC OF COBDEN,COBDEN,196.38,IL,2026-01-01,IL_2026-01_rates.xlsx
6003362,INTEGRITY HC OF HERRIN,HERRIN,217.0,IL,2026-01-01,IL_2026-01_rates.xlsx
6003230,INTEGRITY HC OF MARION,MARION,212.53,IL,2026-01-01,IL_2026-01_rates.xlsx
6014633,INVERNESS REHAB,INVERNESS,262.9,IL,2026-01-01,IL_2026-01_rates.xlsx
6004790,IROQUOIS RESIDENT HOME,WATSEKA,244.58,IL,2026-01-01,IL_2026-01_rates.xlsx
6002851,IRVING PARK LIVING AND REHAB C,CHICAGO,289.57,IL,2026-01-01,IL_2026-01_rates.xlsx
6004840,JACKSONVILLE SKLD NUR & REHAB,JACKSONVILLE,260.86,IL,2026-01-01,IL_2026-01_rates.xlsx
6004899,JENNINGS TERRACE,AURORA,209.15,IL,2026-01-01,IL_2026-01_rates.xlsx
6013312,JERSEYVILLE MANOR,JERSEYVILLE,244.6,IL,2026-01-01,IL_2026-01_rates.xlsx
6004907,JERSEYVILLE NSG AND REHAB CTR,JERSEYVILLE,227.49,IL,2026-01-01,IL_2026-01_rates.xlsx
6004964,JOLIET TERRACE,JOLIET,205.6,IL,2026-01-01,IL_2026-01_rates.xlsx
6005433,JONESBORO REHAB HEALTH CARE,JONESBORO,214.23,IL,2026-01-01,IL_2026-01_rates.xlsx
6006126,KENSINGTON PLACE NRSG REHAB,CHICAGO,264.23,IL,2026-01-01,IL_2026-01_rates.xlsx
6004667,KENWOOD VILLAGE NURSING AND RE,CHICAGO,281.2,IL,2026-01-01,IL_2026-01_rates.xlsx
6012074,LA BELLA OF ALTON,ALTON,244.0,IL,2026-01-01,IL_2026-01_rates.xlsx
6000012,LA BELLA OF CLIFTON,CLIFTON,259.35,IL,2026-01-01,IL_2026-01_rates.xlsx
6002364,LA BELLA OF DANVILLE,DANVILLE,255.63,IL,2026-01-01,IL_2026-01_rates.xlsx
6014401,LA BELLA OF EDWARDSVILLE,EDWARDSVILLE,255.45,IL,2026-01-01,IL_2026-01_rates.xlsx
6008999,LACON REHAB AND NURSING,LACON,245.35,IL,2026-01-01,IL_2026-01_rates.xlsx
6005169,LAKEFRONT NURSING & REHAB CENT,CHICAGO,258.73,IL,2026-01-01,IL_2026-01_rates.xlsx
6005185,LAKELAND REHAB AND HCC,EFFINGHAM,235.38,IL,2026-01-01,IL_2026-01_rates.xlsx
6000723,LAKESIDE HEALTH AND REHAB CENT,CARLINVILLE,272.31,IL,2026-01-01,IL_2026-01_rates.xlsx
6005227,LAKEVIEW REHAB NURSING CENTER,CHICAGO,270.33,IL,2026-01-01,IL_2026-01_rates.xlsx
6005235,LAKEWOOD NURSING AND REHAB CTR,PLAINFIELD,269.66,IL,2026-01-01,IL_2026-01_rates.xlsx
6007918,LANDMARK OF RICHTON PARK,RICHTON PARK,286.87,IL,2026-01-01,IL_2026-01_rates.xlsx
6005284,LEE MANOR NURSING HM,DES PLAINES,259.62,IL,2026-01-01,IL_2026-01_rates.xlsx
6014492,LEMONT NURSING AND REHAB CTR,LEMONT,272.29,IL,2026-01-01,IL_2026-01_rates.xlsx
6005292,LENA LIVING CENTER,LENA,209.59,IL,2026-01-01,IL_2026-01_rates.xlsx
6005359,LIBERTYVILLE MANOR EXT CARE,LIBERTYVILLE,227.97,IL,2026-01-01,IL_2026-01_rates.xlsx
6005490,LINCOLN VILLAGE HEALTHCARE,LINCOLN,301.13,IL,2026-01-01,IL_2026-01_rates.xlsx
6000699,LITCHFIELD HEALTH AND REHAB CE,LITCHFIELD,222.2,IL,2026-01-01,IL_2026-01_rates.xlsx
6009005,LITTLE SISTERS OF PALATINE,PALATINE,221.0,IL,2026-01-01,IL_2026-01_rates.xlsx
6005563,LITTLE SISTERS OF THE POOR,CHICAGO,220.08,IL,2026-01-01,IL_2026-01_rates.xlsx
6007140,LITTLE VILLAGE NURSING AND REH,CHICAGO,279.22,IL,2026-01-01,IL_2026-01_rates.xlsx
6011597,LOFT REHAB AND NRSG OF CANTON,CANTON,273.86,IL,2026-01-01,IL_2026-01_rates.xlsx
6000244,LOFT REHAB AND NRSG OF NORMAL,NORMAL,264.53,IL,2026-01-01,IL_2026-01_rates.xlsx
6005938,LOFT REHAB OF DECATUR,DECATUR,268.2,IL,2026-01-01,IL_2026-01_rates.xlsx
6006282,"LOFT REHAB OF ROCK SPRINGS, TH",DECATUR,252.18,IL,2026-01-01,IL_2026-01_rates.xlsx
6005722,LOFT REHABILITATION AND NURSIN,EUREKA,258.82,IL,2026-01-01,IL_2026-01_rates.xlsx
6012017,LOFT REHABILITATION OF EAST PE,EAST PEORIA,270.52,IL,2026-01-01,IL_2026-01_rates.xlsx
6012165,LOFT REHABILITATION OF PEORIA,PEORIA,270.35,IL,2026-01-01,IL_2026-01_rates.xlsx
6016943,LUTHER OAKS,BLOOMINGTON,226.42,IL,2026-01-01,IL_2026-01_rates.xlsx
6005599,LUTHERAN CARE CTR,ALTAMONT,203.35,IL,2026-01-01,IL_2026-01_rates.xlsx
6005607,LUTHERAN HOME FOR THE AGED,ARLINGTON HEIGH,244.82,IL,2026-01-01,IL_2026-01_rates.xlsx
6005615,"LUTHERAN HOME, THE",PEORIA,173.99,IL,2026-01-01,IL_2026-01_rates.xlsx
6005649,MACOMB POST ACUTE CARE CENTER,MACOMB,256.83,IL,2026-01-01,IL_2026-01_rates.xlsx
6009013,MADO HEALTHCARE - UPTOWN,CHICAGO,255.5,IL,2026-01-01,IL_2026-01_rates.xlsx
6016885,MANOR COURT OF CARBONDALE,CARBONDALE,245.56,IL,2026-01-01,IL_2026-01_rates.xlsx
6016133,MANOR COURT OF FREEPORT,FREEPORT,262.85,IL,2026-01-01,IL_2026-01_rates.xlsx
6013189,MANOR COURT OF MARYVILLE,MARYVILLE,247.29,IL,2026-01-01,IL_2026-01_rates.xlsx
6016190,MANOR COURT OF PEORIA,PEORIA,227.82,IL,2026-01-01,IL_2026-01_rates.xlsx
6015887,MANOR COURT OF PERU,PERU,268.28,IL,2026-01-01,IL_2026-01_rates.xlsx
6015861,MANOR COURT OF PRINCETON,PRINCETON,250.84,IL,2026-01-01,IL_2026-01_rates.xlsx
6016976,MANOR COURT OF ROCHELLE,ROCHELLE,261.12,IL,2026-01-01,IL_2026-01_rates.xlsx
6005797,MARIGOLD REHABILITATION HCC,GALESBURG,227.86,IL,2026-01-01,IL_2026-01_rates.xlsx
6001291,MARSHALL REHAB & NURSING,MARSHALL,262.04,IL,2026-01-01,IL_2026-01_rates.xlsx
6005748,MASCOUTAH REHAB AND NURSING,MASCOUTAH,238.05,IL,2026-01-01,IL_2026-01_rates.xlsx
6011688,MASON CITY AREA NURSING HOME,MASON CITY,248.74,IL,2026-01-01,IL_2026-01_rates.xlsx
6005888,MATTOON REHAB AND HCC,MATTOON,231.76,IL,2026-01-01,IL_2026-01_rates.xlsx
6005896,MAYFIELD CARE AND REHAB,CHICAGO,277.28,IL,2026-01-01,IL_2026-01_rates.xlsx
6005417,MCLEANSBORO REHAB & HEALTH CC,MC LEANSBORO,220.52,IL,2026-01-01,IL_2026-01_rates.xlsx
6013120,MEADOWBROOK MANOR,BOLINGBROOK,263.64,IL,2026-01-01,IL_2026-01_rates.xlsx
6014518,MEADOWBROOK MANOR NAPERVILLE,NAPERVILLE,252.83,IL,2026-01-01,IL_2026-01_rates.xlsx
6016281,MEADOWBROOK MANOR OF LAGRANGE,LA GRANGE,286.73,IL,2026-01-01,IL_2026-01_rates.xlsx
6005987,MEADOWBROOK SKILLED NURSING &,GRAYVILLE,204.24,IL,2026-01-01,IL_2026-01_rates.xlsx
6006019,MEDINA NURSING CENTER,DURAND,232.37,IL,2026-01-01,IL_2026-01_rates.xlsx
6006035,MEMORIAL CARE CENTER,BELLEVILLE,231.72,IL,2026-01-01,IL_2026-01_rates.xlsx
6006076,MERCER MANOR REHABILITATION,ALEDO,253.22,IL,2026-01-01,IL_2026-01_rates.xlsx
6016737,MERCY CIRCLE,CHICAGO,229.1,IL,2026-01-01,IL_2026-01_rates.xlsx
6015697,MERCY HARVARD HOSPITAL CR CTR,HARVARD,208.62,IL,2026-01-01,IL_2026-01_rates.xlsx
6015812,MERIDIAN VILLAGE CARE CENTER,GLEN CARBON,225.47,IL,2026-01-01,IL_2026-01_rates.xlsx
6006118,METROPOLIS REHAB AND HCC,METROPOLIS,222.02,IL,2026-01-01,IL_2026-01_rates.xlsx
6002208,MICHAELSEN HEALTH CENTER,BATAVIA,238.6,IL,2026-01-01,IL_2026-01_rates.xlsx
6003826,MIDWAY NEUROLOGICAL REHAB CTR,BRIDGEVIEW,215.55,IL,2026-01-01,IL_2026-01_rates.xlsx
6014294,MILLER HEALTHCARE CENTER,KANKAKEE,250.41,IL,2026-01-01,IL_2026-01_rates.xlsx
6006258,MOMENCE MEADOWS NURSING AND RE,MOMENCE,251.11,IL,2026-01-01,IL_2026-01_rates.xlsx
6006266,MONMOUTH REHAB AND NURSING,MONMOUTH,238.07,IL,2026-01-01,IL_2026-01_rates.xlsx
6004444,MONTGOMERY NURSING AND REHAB C,HILLSBORO,226.75,IL,2026-01-01,IL_2026-01_rates.xlsx
6013171,MONTGOMERY PLACE,CHICAGO,235.82,IL,2026-01-01,IL_2026-01_rates.xlsx
6005698,MOORINGS OF ARLINGTON HEIGHTS,ARLINGTON HEIGH,253.12,IL,2026-01-01,IL_2026-01_rates.xlsx
6003958,MORGAN PARK HEALTHCARE,CHICAGO,267.25,IL,2026-01-01,IL_2026-01_rates.xlsx
6004287,MOUNT STERLING HEALTH AND REHA,MOUNT STERLING,230.53,IL,2026-01-01,IL_2026-01_rates.xlsx
6010128,MOUNT ZION HEALTH AND REHAB CE,MT ZION,282.26,IL,2026-01-01,IL_2026-01_rates.xlsx
6012322,MOWEAQUA REHAB AND HEALTH CR,MOWEAQUA,258.26,IL,2026-01-01,IL_2026-01_rates.xlsx
6012512,MT VERNON COUNTRYSIDE MANOR,MOUNT VERNON,234.64,IL,2026-01-01,IL_2026-01_rates.xlsx
6006498,NATURE TRAIL HEALTH AND REHAB,MOUNT VERNON,239.55,IL,2026-01-01,IL_2026-01_rates.xlsx
6006514,NEIGHBORS HEALTH CENTER,BYRON,238.83,IL,2026-01-01,IL_2026-01_rates.xlsx
6002091,NEWMAN REHAB AND HEALTH CARE C,NEWMAN,260.29,IL,2026-01-01,IL_2026-01_rates.xlsx
6003644,NILES NURSING AND REHAB CTR,NILES,235.62,IL,2026-01-01,IL_2026-01_rates.xlsx
6006555,NOKOMIS HEALTHCARE AND SENIOR,NOKOMIS,203.22,IL,2026-01-01,IL_2026-01_rates.xlsx
6006571,NORRIDGE GARDENS,NORRIDGE,277.52,IL,2026-01-01,IL_2026-01_rates.xlsx
6006605,NORTH AURORA LIVING AND REHAB,NORTH AURORA,210.36,IL,2026-01-01,IL_2026-01_rates.xlsx
6019723,NORTHBROOK HEALTH AND REHAB LL,NORTHBROOK,274.44,IL,2026-01-01,IL_2026-01_rates.xlsx
6006696,NORWOOD CROSSING,CHICAGO,243.94,IL,2026-01-01,IL_2026-01_rates.xlsx
6006779,OAK LAWN RESPIRATORY AND REHAB,OAK LAWN,279.14,IL,2026-01-01,IL_2026-01_rates.xlsx
6006795,OAK PARK OASIS,OAK PARK,243.5,IL,2026-01-01,IL_2026-01_rates.xlsx
6016273,"OAKS AT BARTLETT, THE",BARTLETT,240.17,IL,2026-01-01,IL_2026-01_rates.xlsx
6003487,OAKVIEW NURSING AND REHAB,MOUNT CARMEL,224.21,IL,2026-01-01,IL_2026-01_rates.xlsx
6000335,OAKWOOD REHAB AND NURSING,WESTMONT,283.76,IL,2026-01-01,IL_2026-01_rates.xlsx
6006860,ODD FELLOWS REBEKAH HOME,MATTOON,236.79,IL,2026-01-01,IL_2026-01_rates.xlsx
6006878,ODIN HEALTH AND REHAB CENTER,ODIN,262.73,IL,2026-01-01,IL_2026-01_rates.xlsx
6009989,OREGON LIVING AND REHAB CENTER,OREGON,240.26,IL,2026-01-01,IL_2026-01_rates.xlsx
6007041,PA PETERSON AT THE CITADEL,ROCKFORD,262.72,IL,2026-01-01,IL_2026-01_rates.xlsx
6002109,PALM GARDEN OF MATTOON,MATTOON,205.21,IL,2026-01-01,IL_2026-01_rates.xlsx
6000707,PANA HEALTH AND REHAB CENTER,PANA,237.0,IL,2026-01-01,IL_2026-01_rates.xlsx
6004766,PARC JOLIET,JOLIET,249.25,IL,2026-01-01,IL_2026-01_rates.xlsx
6007090,PARIS HEALTH AND REHAB CENTER,PARIS,235.42,IL,2026-01-01,IL_2026-01_rates.xlsx
6003073,PARK PLACE OF BELVIDERE,BELVIDERE,216.54,IL,2026-01-01,IL_2026-01_rates.xlsx
6007157,PARK RIDGE HEALTHCARE CENTER L,PARK RIDGE,251.74,IL,2026-01-01,IL_2026-01_rates.xlsx
6002315,PARK VIEW REHAB CENTER,CHICAGO,227.89,IL,2026-01-01,IL_2026-01_rates.xlsx
6001374,PARKER NURSING AND REHAB CTR,STREATOR,263.98,IL,2026-01-01,IL_2026-01_rates.xlsx
6005003,PARKSHORE ESTATES NRSG REHAB,CHICAGO,220.17,IL,2026-01-01,IL_2026-01_rates.xlsx
6014385,PARKWAY MANOR,MARION,244.22,IL,2026-01-01,IL_2026-01_rates.xlsx
6009112,PAUL HOUSE & HEALTHCARE CENTER,CHICAGO,285.65,IL,2026-01-01,IL_2026-01_rates.xlsx
6001168,PAVILION OF BRIDGEVIEW,BRIDGEVIEW,282.3,IL,2026-01-01,IL_2026-01_rates.xlsx
6007074,PAVILION OF LOGAN SQUARE,CHICAGO,265.07,IL,2026-01-01,IL_2026-01_rates.xlsx
6006985,PAVILION OF OTTAWA,OTTAWA,271.4,IL,2026-01-01,IL_2026-01_rates.xlsx
6009757,PAVILION OF SOUTH SHORE,CHICAGO,280.62,IL,2026-01-01,IL_2026-01_rates.xlsx
6009799,PAVILION OF WAUKEGAN,WAUKEGAN,253.89,IL,2026-01-01,IL_2026-01_rates.xlsx
6008379,PAVILION ON MAIN STREET,SANDWICH,233.71,IL,2026-01-01,IL_2026-01_rates.xlsx
6009401,PEARL AT THE TILLERS,OSWEGO,287.9,IL,2026-01-01,IL_2026-01_rates.xlsx
6011803,"PEARL OF CRYSTAL LAKE, THE",CRYSTAL LAKE,266.1,IL,2026-01-01,IL_2026-01_rates.xlsx
6007876,"PEARL OF DOWNERS GROVE, THE",DOWNERS GROVE,284.88,IL,2026-01-01,IL_2026-01_rates.xlsx
6014237,"PEARL OF ELGIN, THE",ELGIN,254.82,IL,2026-01-01,IL_2026-01_rates.xlsx
6012686,"PEARL OF ELK GROVE, THE",ELK GROVE VILLA,285.07,IL,2026-01-01,IL_2026-01_rates.xlsx
6007967,"PEARL OF EVANSTON, THE",EVANSTON,263.42,IL,2026-01-01,IL_2026-01_rates.xlsx
6014906,"PEARL OF HILLSIDE, THE",HILLSIDE,283.37,IL,2026-01-01,IL_2026-01_rates.xlsx
6006332,"PEARL OF HINSDALE, THE",HINSDALE,262.38,IL,2026-01-01,IL_2026-01_rates.xlsx
6002463,"PEARL OF JOLIET, THE",JOLIET,263.33,IL,2026-01-01,IL_2026-01_rates.xlsx
6006688,"PEARL OF MONTCLARE, THE",CHICAGO,277.79,IL,2026-01-01,IL_2026-01_rates.xlsx
6000251,PEARL OF NAPERVILLE THE,NAPERVILLE,273.81,IL,2026-01-01,IL_2026-01_rates.xlsx
6002174,"PEARL OF ORCHARD VALLEY, THE",AURORA,257.01,IL,2026-01-01,IL_2026-01_rates.xlsx
6000327,PEARL OF ROLLING MEADOWS THE,ROLLING MEADOWS,278.29,IL,2026-01-01,IL_2026-01_rates.xlsx
6014666,"PEARL OF ST. CHARLES, THE",SAINT CHARLES,263.21,IL,2026-01-01,IL_2026-01_rates.xlsx
6003339,PEARL PAVILION,FREEPORT,240.29,IL,2026-01-01,IL_2026-01_rates.xlsx
6011712,PEKIN MANOR,PEKIN,271.35,IL,2026-01-01,IL_2026-01_rates.xlsx
6007371,PETERSON PARK HEALTH CARE CTR,CHICAGO,283.09,IL,2026-01-01,IL_2026-01_rates.xlsx
6005441,PINCKNEYVILLE NURSING & REHABI,PINCKNEYVILLE,207.62,IL,2026-01-01,IL_2026-01_rates.xlsx
6004741,PINE CREST HEALTH CARE,HAZEL CREST,216.8,IL,2026-01-01,IL_2026-01_rates.xlsx
6003792,PIPER CITY REHAB LIVING CTR,PIPER CITY,244.28,IL,2026-01-01,IL_2026-01_rates.xlsx
6012470,PITTSFIELD MANOR,PITTSFIELD,241.17,IL,2026-01-01,IL_2026-01_rates.xlsx
6007488,PLEASANT MEADOWS SENIOR LIVING,CHRISMAN,252.34,IL,2026-01-01,IL_2026-01_rates.xlsx
6007512,PLEASANT VIEW LUTHER HOME,OTTAWA,237.81,IL,2026-01-01,IL_2026-01_rates.xlsx
6007546,POLO REHABILITATION AND HCC,POLO,230.0,IL,2026-01-01,IL_2026-01_rates.xlsx
6008502,PRAIRIE CROSSING LVG AND REHAB,SHABBONA,258.84,IL,2026-01-01,IL_2026-01_rates.xlsx
6011746,PRAIRIE MANOR NURSING REHAB,CHICAGO HEIGHTS,301.95,IL,2026-01-01,IL_2026-01_rates.xlsx
6010078,PRAIRIE OASIS,SOUTH HOLLAND,275.3,IL,2026-01-01,IL_2026-01_rates.xlsx
6006027,PRAIRIE VLG HEALTHCARE CTR INC,JACKSONVILLE,265.27,IL,2026-01-01,IL_2026-01_rates.xlsx
6007595,PRAIRIEVIEW LUTHERAN HOME,DANFORTH,226.27,IL,2026-01-01,IL_2026-01_rates.xlsx
6012645,PRINCETON REHABILITATION AND H,CHICAGO,243.87,IL,2026-01-01,IL_2026-01_rates.xlsx
6005466,QUINCY HEALTHCARE AND SENIOR L,QUINCY,232.47,IL,2026-01-01,IL_2026-01_rates.xlsx
6016356,RADFORD GREEN,LINCOLNSHIRE,272.4,IL,2026-01-01,IL_2026-01_rates.xlsx
6008239,REGENCY CARE,SPRINGFIELD,235.56,IL,2026-01-01,IL_2026-01_rates.xlsx
6006712,RENAISSANCE CARE CENTER,CANTON,243.82,IL,2026-01-01,IL_2026-01_rates.xlsx
6012835,RENWICK NURSING AND REHAB,JOLIET,247.65,IL,2026-01-01,IL_2026-01_rates.xlsx
6013478,RESILIENCE HEALTHCARE-WEST SUB,OAK PARK,120.16,IL,2026-01-01,IL_2026-01_rates.xlsx
6007884,RESTHAVE HOME OF WHITESIDE CO,MORRISON,227.47,IL,2026-01-01,IL_2026-01_rates.xlsx
6007892,RESURRECTION PLACE,PARK RIDGE,257.86,IL,2026-01-01,IL_2026-01_rates.xlsx
6001275,RICHLAND NURSING AND REHAB,OLNEY,230.63,IL,2026-01-01,IL_2026-01_rates.xlsx
6007942,RIDGEVIEW HEALTH AND REHAB CEN,OBLONG,223.79,IL,2026-01-01,IL_2026-01_rates.xlsx
6000640,RIVAYA CARE OF DES PLAINES,DES PLAINES,297.75,IL,2026-01-01,IL_2026-01_rates.xlsx
6004758,RIVER VIEW REHAB CENTER,ELGIN,206.05,IL,2026-01-01,IL_2026-01_rates.xlsx
6008072,ROBINGS MANOR REHAB AND HC,BRIGHTON,216.39,IL,2026-01-01,IL_2026-01_rates.xlsx
6002125,ROBINSON REHAB AND NURSING,ROBINSON,239.4,IL,2026-01-01,IL_2026-01_rates.xlsx
6008106,ROCHELLE REHAB HEALTH CARE,ROCHELLE,214.76,IL,2026-01-01,IL_2026-01_rates.xlsx
6008114,ROCK FALLS REHAB HLTH CARE CTR,ROCK FALLS,259.77,IL,2026-01-01,IL_2026-01_rates.xlsx
6008049,ROCK RIVER HEALTH CARE,ROCKFORD,243.0,IL,2026-01-01,IL_2026-01_rates.xlsx
6007082,ROSE GARDEN OF PANA,PANA,208.12,IL,2026-01-01,IL_2026-01_rates.xlsx
6008684,RUSHVILLE NURSING & REHABILITA,RUSHVILLE,264.1,IL,2026-01-01,IL_2026-01_rates.xlsx
6016497,RYZE AT HOMEWOOD,HOMEWOOD,286.04,IL,2026-01-01,IL_2026-01_rates.xlsx
6003453,RYZE AT THE RIDGE,CHICAGO,247.07,IL,2026-01-01,IL_2026-01_rates.xlsx
6001689,RYZE ON THE AVENUE,CHICAGO,266.46,IL,2026-01-01,IL_2026-01_rates.xlsx
6004832,RYZE WEST,CHICAGO,271.6,IL,2026-01-01,IL_2026-01_rates.xlsx
6008346,SALINE CARE NURSING & REHABILI,HARRISBURG,203.04,IL,2026-01-01,IL_2026-01_rates.xlsx
6008213,SANDWICH LIVING AND REHAB CENT,SANDWICH,262.28,IL,2026-01-01,IL_2026-01_rates.xlsx
6008460,SELFHELP HOME OF CHICAGO,CHICAGO,255.64,IL,2026-01-01,IL_2026-01_rates.xlsx
6010250,SEMINARY MANOR,GALESBURG,250.97,IL,2026-01-01,IL_2026-01_rates.xlsx
6014377,SERENITY ESTATES OF LINCOLNSHI,LINCOLNSHIRE,268.92,IL,2026-01-01,IL_2026-01_rates.xlsx
6003875,SERENITY ESTATES OF MORRIS,MORRIS,255.67,IL,2026-01-01,IL_2026-01_rates.xlsx
6007306,SHARON HEALTH CARE ELMS,PEORIA,267.08,IL,2026-01-01,IL_2026-01_rates.xlsx
6007272,SHARON HEALTH CARE WILLOWS,PEORIA,238.23,IL,2026-01-01,IL_2026-01_rates.xlsx
6007298,SHARON HEALTHCARE PINES,PEORIA,221.0,IL,2026-01-01,IL_2026-01_rates.xlsx
6008528,SHAWNEE SENIOR LIVING,HERRIN,256.49,IL,2026-01-01,IL_2026-01_rates.xlsx
6008536,SHELBYVILLE HEALTHCARE AND SEN,SHELBYVILLE,274.58,IL,2026-01-01,IL_2026-01_rates.xlsx
6008544,SHELBYVILLE MANOR,SHELBYVILLE,241.21,IL,2026-01-01,IL_2026-01_rates.xlsx
6002687,SHERIDAN VILLAGE NRSG & RHB,CHICAGO,271.49,IL,2026-01-01,IL_2026-01_rates.xlsx
6003974,SILVER FOXES SENIOR LIVING AND,MC LEANSBORO,230.76,IL,2026-01-01,IL_2026-01_rates.xlsx
6013023,SILVIS CENTER FOR NURSING REHA,SILVIS,273.69,IL,2026-01-01,IL_2026-01_rates.xlsx
6016059,SMITH CROSSING,ORLAND PARK,254.14,IL,2026-01-01,IL_2026-01_rates.xlsx
6009732,SMITH VILLAGE,CHICAGO,217.48,IL,2026-01-01,IL_2026-01_rates.xlsx
6011464,SNYDER VILLAGE,METAMORA,239.07,IL,2026-01-01,IL_2026-01_rates.xlsx
6008718,SOUTH ELGIN LIVING AND REHAB C,SOUTH ELGIN,242.23,IL,2026-01-01,IL_2026-01_rates.xlsx
6011589,SOUTH HOLLAND MANOR HLTH REHAB,SOUTH HOLLAND,282.06,IL,2026-01-01,IL_2026-01_rates.xlsx
6014823,SOUTH SHORE REHABILITATION,CHICAGO,270.96,IL,2026-01-01,IL_2026-01_rates.xlsx
6008759,SOUTHGATE HEALTH CARE CENTER,METROPOLIS,217.8,IL,2026-01-01,IL_2026-01_rates.xlsx
6014781,SOUTHPOINT NURSING REHAB CTR,CHICAGO,269.3,IL,2026-01-01,IL_2026-01_rates.xlsx
6001895,SOUTHVIEW MANOR,CHICAGO,224.37,IL,2026-01-01,IL_2026-01_rates.xlsx
6016786,SPRING CREEK,JOLIET,261.4,IL,2026-01-01,IL_2026-01_rates.xlsx
6016794,SPRINGFIELD SUITES,SPRINGFIELD,241.0,IL,2026-01-01,IL_2026-01_rates.xlsx
6016877,SPRINGS AT MONARCH LANDING,NAPERVILLE,217.91,IL,2026-01-01,IL_2026-01_rates.xlsx
6008866,ST ANTHONYS NSG AND REHAB CTR,ROCK ISLAND,241.02,IL,2026-01-01,IL_2026-01_rates.xlsx
6008890,ST CLARAS REHAB & SENIOR CARE,LINCOLN,241.89,IL,2026-01-01,IL_2026-01_rates.xlsx
6010664,ST JAMES WELLNESS REHAB VILLAS,CRETE,265.2,IL,2026-01-01,IL_2026-01_rates.xlsx
6008957,ST JOSEPH VILLAGE OF CHICAGO,CHICAGO,237.33,IL,2026-01-01,IL_2026-01_rates.xlsx
6011910,ST PATRICKS RESIDENCE,NAPERVILLE,245.42,IL,2026-01-01,IL_2026-01_rates.xlsx
6009120,ST PAULS SENIOR COMMUNITY,BELLEVILLE,267.06,IL,2026-01-01,IL_2026-01_rates.xlsx
6000715,STAUNTON HEALTH AND REHAB CENT,STAUNTON,234.45,IL,2026-01-01,IL_2026-01_rates.xlsx
6010441,STEARNS NURSING AND REHAB CTR,GRANITE CITY,213.95,IL,2026-01-01,IL_2026-01_rates.xlsx
6008494,STONEBRIDGE NURSING & REHABILI,BENTON,253.49,IL,2026-01-01,IL_2026-01_rates.xlsx
6009211,SULLIVAN HEALTHCARE AND SENIOR,SULLIVAN,216.9,IL,2026-01-01,IL_2026-01_rates.xlsx
6009294,SUNRISE SKILLED NURSING & REHA,VIRDEN,244.76,IL,2026-01-01,IL_2026-01_rates.xlsx
6009302,SUNSET HOME,QUINCY,214.71,IL,2026-01-01,IL_2026-01_rates.xlsx
6009328,SUNSET REHAB HEALTH CARE,CANTON,260.06,IL,2026-01-01,IL_2026-01_rates.xlsx
6005706,SYMPHONY MAPLE CREST,BELVIDERE,243.29,IL,2026-01-01,IL_2026-01_rates.xlsx
6006670,SYMPHONY NORTHWOODS,BELVIDERE,232.18,IL,2026-01-01,IL_2026-01_rates.xlsx
6014252,TABOR HILLS HEALTHCARE FACILIT,NAPERVILLE,239.26,IL,2026-01-01,IL_2026-01_rates.xlsx
6009369,TAYLORVILLE CARE CENTER,TAYLORVILLE,216.19,IL,2026-01-01,IL_2026-01_rates.xlsx
6005953,TAYLORVILLE SKILLED NURSING &,TAYLORVILLE,236.23,IL,2026-01-01,IL_2026-01_rates.xlsx
6009377,"TERRACE, THE",WAUKEGAN,231.36,IL,2026-01-01,IL_2026-01_rates.xlsx
6009393,THREE SPRINGS SENIOR LIVING AN,CHESTER,201.96,IL,2026-01-01,IL_2026-01_rates.xlsx
6017008,THRIVE OF FOX VALLEY,AURORA,266.13,IL,2026-01-01,IL_2026-01_rates.xlsx
6016984,THRIVE OF LAKE COUNTY,MUNDELEIN,259.34,IL,2026-01-01,IL_2026-01_rates.xlsx
6016968,THRIVE OF LISLE,LISLE,244.61,IL,2026-01-01,IL_2026-01_rates.xlsx
6007330,TIMBERCREEK REHAB AND HLTH C C,PEKIN,234.09,IL,2026-01-01,IL_2026-01_rates.xlsx
6003750,TIMBERPOINT HEALTHCARE CENTER,CAMP POINT,271.55,IL,2026-01-01,IL_2026-01_rates.xlsx
6003263,TOWER HILL HEALTHCARE CENTER,SOUTH ELGIN,241.77,IL,2026-01-01,IL_2026-01_rates.xlsx
6009443,TRI-STATE VILLAGE NRSG REHAB,LANSING,300.95,IL,2026-01-01,IL_2026-01_rates.xlsx
6004188,TWIN LAKES EXTENDED CARE,PARIS,241.33,IL,2026-01-01,IL_2026-01_rates.xlsx
6009484,TWIN WILLOWS NURSING CENTER,SALEM,191.34,IL,2026-01-01,IL_2026-01_rates.xlsx
6006134,UPTOWN CARE AND REHABILITATION,CHICAGO,261.6,IL,2026-01-01,IL_2026-01_rates.xlsx
6009260,VANDALIA HEALTHCARE AND SENIOR,VANDALIA,228.7,IL,2026-01-01,IL_2026-01_rates.xlsx
6012678,VILLA FRANCISCAN,JOLIET,265.81,IL,2026-01-01,IL_2026-01_rates.xlsx
6012991,VILLA HEALTH CARE INC EAST,SHERMAN,237.34,IL,2026-01-01,IL_2026-01_rates.xlsx
6011332,VILLAGE AT VICTORY LAKES,LINDENHURST,251.02,IL,2026-01-01,IL_2026-01_rates.xlsx
6009674,WABASH SENIOR LIVING AND REHAB,CARMI,202.97,IL,2026-01-01,IL_2026-01_rates.xlsx
6014195,WARREN BARR BUFFALO GROVE,BUFFALO GROVE,269.68,IL,2026-01-01,IL_2026-01_rates.xlsx
6004725,WARREN BARR GOLD COAST,CHICAGO,295.39,IL,2026-01-01,IL_2026-01_rates.xlsx
6005375,WARREN BARR LIEBERMAN,SKOKIE,298.04,IL,2026-01-01,IL_2026-01_rates.xlsx
6005516,WARREN BARR LINCOLN PARK,CHICAGO,288.29,IL,2026-01-01,IL_2026-01_rates.xlsx
6014963,WARREN BARR NORTH SHORE,HIGHLAND PARK,295.4,IL,2026-01-01,IL_2026-01_rates.xlsx
6000236,WARREN BARR OAK LAWN,OAK LAWN,300.35,IL,2026-01-01,IL_2026-01_rates.xlsx
6014682,WARREN BARR ORLAND PARK,ORLAND PARK,286.16,IL,2026-01-01,IL_2026-01_rates.xlsx
6008825,WARREN BARR SOUTH LOOP,CHICAGO,313.06,IL,2026-01-01,IL_2026-01_rates.xlsx
6008262,WARREN PARK HEALTH LIVING CTR,CHICAGO,255.78,IL,2026-01-01,IL_2026-01_rates.xlsx
6009740,WASHINGTON SENIOR LIVING,WASHINGTON,263.4,IL,2026-01-01,IL_2026-01_rates.xlsx
6002430,"WATERFORD CARE CENTER, THE",CHICAGO,264.49,IL,2026-01-01,IL_2026-01_rates.xlsx
6009856,WENTWORTH REHAB AND HCC,CHICAGO,241.56,IL,2026-01-01,IL_2026-01_rates.xlsx
6009864,WESLEY VILLAGE,MACOMB,213.9,IL,2026-01-01,IL_2026-01_rates.xlsx
6009872,WEST CHICAGO TERRACE,WEST CHICAGO,187.75,IL,2026-01-01,IL_2026-01_rates.xlsx
6001002,WEST SUBURBAN NURSING REHAB,BLOOMINGDALE,241.32,IL,2026-01-01,IL_2026-01_rates.xlsx
6007603,WESTMINSTER PLACE,EVANSTON,237.64,IL,2026-01-01,IL_2026-01_rates.xlsx
6009955,WESTWOOD VILLAGE NURSING AND R,CHICAGO,266.28,IL,2026-01-01,IL_2026-01_rates.xlsx
6009963,WHEATON VILLAGE NURSING REHAB,WHEATON,260.57,IL,2026-01-01,IL_2026-01_rates.xlsx
6006597,WHITE HALL NURSING AND REHAB,WHITE HALL,220.43,IL,2026-01-01,IL_2026-01_rates.xlsx
6010003,WHITEHALL OF DEERFIELD,DEERFIELD,245.19,IL,2026-01-01,IL_2026-01_rates.xlsx
6010037,WILLOWS HEALTH CENTER,ROCKFORD,245.98,IL,2026-01-01,IL_2026-01_rates.xlsx
6010094,WINNING WHEELS,PROPHETSTOWN,275.27,IL,2026-01-01,IL_2026-01_rates.xlsx
6010102,WINSTON MANOR CONVALESCENT N H,CHICAGO,185.74,IL,2026-01-01,IL_2026-01_rates.xlsx
6008361,WYNSCAPE HEALTH AND REHAB,WHEATON,239.75,IL,2026-01-01,IL_2026-01_rates.xlsx
6003008,ZAHAV OF BERWYN,BERWYN,269.18,IL,2026-01-01,IL_2026-01_rates.xlsx
